{"train/loss": 20.973315349845, "train/lr": 0.00018144040323332696, "train/num_steps": 5633, "train/cosine_sim_text": 0.6614593641702519, "train/loss_nce_text": 0.08599682602771493, "train/loss_mse_text": 1.1449561646068739e-05, "train/loss_mae_text": 0.0018326831672903757, "train/loss_rec": 0.42047072565832805, "train/loss_cyc": 0.13509178906679153, "val/loss": 105.27894846598308, "val/num_steps": 786, "val/cosine_sim_text": 0.5783982773621877, "val/loss_nce_text": 7.39214030901591, "val/loss_mse_text": 1.4258716115970552e-05, "val/loss_mae_text": 0.0022337213546658554, "val/loss_rec": 0.17801332225402197, "val/loss_cyc": 0.024306166917085648, "_timestamp": 1721105673.785186, "_runtime": 8001.414772033691, "_step": 130}