{"train/loss": 34.515204584875775, "train/lr": 0.0009860743249266043, "train/num_steps": 1376, "train/cosine_sim_image": 0.6305684031442155, "train/loss_mse_image": 0.47277605325676675, "train/loss_mae_image": 0.526359967021055, "train/loss_nce_image": 1.234604566596275, "train/cosine_sim_image_token": 0.7367433240247327, "train/loss_mse_image_token": 0.551473272401233, "train/loss_mae_image_token": 0.5744725673697716, "train/loss_nce_image_token": 1.5601731261541678, "train/loss_rec": 0.20112429004768992, "train/loss_cyc": 0.025990280950831814, "val/val_loss": 43.37028058369955, "val/val_num_steps": 192, "val/val_cosine_sim_image": 0.5115049282709757, "val/val_loss_mse_image": 0.5784306029478709, "val/val_loss_mae_image": 0.5812621116638184, "val/val_loss_nce_image": 1.884762426217397, "val/val_cosine_sim_image_token": 0.6398416558901469, "val/val_loss_mse_image_token": 0.7544441719849905, "val/val_loss_mae_image_token": 0.6732451021671295, "val/val_loss_nce_image_token": 2.078846534093221, "val/val_loss_rec": 0.19345840563376746, "val/val_loss_cyc": 0.010645385133102536, "_timestamp": 1724934720.8836772, "_runtime": 2466.324496269226, "_step": 31, "_wandb": {"runtime": 2479}}