{"train/loss": 56.46959473365961, "train/lr": 0.000498881562008976, "train/num_steps": 1204, "train/cosine_sim_image": 0.335317240204922, "train/loss_mse_image": 0.8856023390625798, "train/loss_mae_image": 0.7378375239150469, "train/loss_nce_image": 414494.996002907, "train/loss_rec": 0.6237816900707954, "train/loss_cyc": 0.04237100455996602, "val/val_loss": 54.4611930847168, "val/val_num_steps": 84, "val/val_cosine_sim_image": 0.3419547379016876, "val/val_loss_mse_image": 0.8822168310483297, "val/val_loss_mae_image": 0.7363667587439219, "val/val_loss_nce_image": 236932.52083333334, "val/val_loss_rec": 0.6037424306074778, "val/val_loss_cyc": 0.01361599424853921, "_timestamp": 1724501264.741715, "_runtime": 3312.718288898468, "_step": 13}