{"train/loss": 13.616852006246877, "train/lr": 0.00023082628992083463, "train/num_steps": 18146, "train/cosine_sim_image": 0.5614846293316331, "train/loss_mse_image": 0.6811979267486307, "train/loss_mae_image": 0.642523376054542, "train/loss_nce_image": 0.0, "train/loss_rec": 0.37219433555769366, "train/loss_cyc": 0.007444581655828759, "val/val_loss": 15.32915735244751, "val/val_num_steps": 1266, "val/val_cosine_sim_image": 0.351925586660703, "val/val_loss_mse_image": 0.8000528613726298, "val/val_loss_mae_image": 0.698836475610733, "val/val_loss_nce_image": 0.0, "val/val_loss_rec": 0.3383966535329819, "val/val_loss_cyc": 0.0018673144707766671, "_timestamp": 1724471600.157081, "_runtime": 51814.67966794968, "_step": 210, "_wandb": {"runtime": 51991}}