{"train/loss": 59.805348196695014, "train/lr": 3e-06, "train/num_steps": 8600, "train/cosine_sim_image": 0.6905692393003509, "train/loss_nce_image": 0.0004884612758492356, "train/loss_mse_image": 1.611618665984404e-05, "train/loss_cos_image": 0.3094307606996492, "train/loss_rec": 0.4309944094613541, "train/loss_cyc": 0.07900568253772203, "train/fwd_pct_correct": 1.0, "train/bwd_pct_correct": 0.9996511936187744, "val/loss": 78.99171193440755, "val/num_steps": 600, "val/cosine_sim_image": 0.5862809518973032, "val/loss_nce_image": 2.684393803278605, "val/loss_mse_image": 2.154786822453995e-05, "val/loss_cos_image": 0.4137190481026967, "val/loss_rec": 0.39502666890621185, "val/loss_cyc": 0.021597133638958137, "val/fwd_pct_correct": 0.6716666221618652, "val/bwd_pct_correct": 0.503333330154419, "_timestamp": 1721523176.8016758, "_runtime": 2185.355568885803, "_step": 99, "_wandb": {"runtime": 2203}}