{"train/loss": 184604.35, "train/lr": 0.0004999552485751675, "train/num_steps": 175, "train/cosine_sim_text": 0.08791151131902422, "train/loss_nce_text": 92286.59107142857, "train/loss_mse_text": 1.8708536795207433, "train/loss_mae_text": 1.1001926285879953, "train/loss_rec": 0.6733986599104745, "train/loss_cyc": 0.7833434275218418, "val/loss": 60833.845052083336, "val/num_steps": 30, "val/cosine_sim_text": 0.08380806321899097, "val/loss_nce_text": 60803.505208333336, "val/loss_mse_text": 1.8763540387153625, "val/loss_mae_text": 1.1023550828297932, "val/loss_rec": 0.32131655017534894, "val/loss_cyc": 0.23322291920582452, "_timestamp": 1723980968.622329, "_runtime": 184.1855890750885, "_step": 4, "_wandb": {"runtime": 186}}