{"train/loss": 13.842865932819455, "train/lr": 0.00048717763038040205, "train/num_steps": 4558, "train/cosine_sim_image": 0.6771149039268494, "train/loss_nce_image": 5.762745646543281, "train/loss_mse_image": 3.271776883361041e-06, "train/loss_mae_image": 0.001372860827169186, "train/loss_rec": 0.1572872384689575, "train/loss_cyc": 0.006418532892238609, "val/loss": 14.29613733291626, "val/num_steps": 318, "val/cosine_sim_image": 0.6309802830219269, "val/loss_nce_image": 5.197451035181682, "val/loss_mse_image": 3.739256499102339e-06, "val/loss_mae_image": 0.0014657226080695789, "val/loss_rec": 0.15221409996350607, "val/loss_cyc": 0.0022361905236418047, "_timestamp": 1724682064.0676885, "_runtime": 7834.120609521866, "_step": 52, "_wandb": {"runtime": 7838}}