{"train/loss": 24.558450753348215, "train/lr": 0.0009777201248060822, "train/num_steps": 1400, "train/cosine_sim_image": 0.5577416998999459, "train/loss_mse_image": 0.5463833485330855, "train/loss_mae_image": 0.5476371560777936, "train/loss_kl_image": 432.9443052019392, "train/loss_nce_image": 3.5210199560437885, "train/loss_rec": 0.2091068203960146, "train/loss_cyc": 0.09484241221632277, "val/val_loss": 26.19996229807536, "val/val_num_steps": 240, "val/val_cosine_sim_image": 0.45188480118910473, "val/val_loss_mse_image": 0.6360642711321512, "val/val_loss_mae_image": 0.5929917593797048, "val/val_loss_kl_image": 413.41277567545575, "val/val_loss_nce_image": 3.1987759272257485, "val/val_loss_rec": 0.1899718021353086, "val/val_loss_cyc": 0.02588385126243035, "_timestamp": 1724987577.3173907, "_runtime": 2902.3668117523193, "_step": 39, "_wandb": {"runtime": 2954}}