{"train/loss": 33.75734080824741, "train/lr": 0.0002963405250786523, "train/num_steps": 989, "train/cosine_sim_text": 0.3345821222593618, "train/loss_nce_text": 3.66895344645478, "train/loss_mse_text": 2.2504662284031944e-05, "train/loss_mae_text": 0.0023548034517917524, "train/loss_rec": 0.49132325344307476, "train/loss_cyc": 0.12960972221091735, "val/loss": 31.516562779744465, "val/num_steps": 138, "val/cosine_sim_text": 0.33373171587785083, "val/loss_nce_text": 2.90805455048879, "val/loss_mse_text": 2.2533423058727447e-05, "val/loss_mae_text": 0.0023208216298371553, "val/loss_rec": 0.20233306288719177, "val/loss_cyc": 0.03656301088631153, "_timestamp": 1721120505.3363724, "_runtime": 1247.4693512916565, "_step": 22}