{"train/loss": 17.724890954153878, "train/lr": 0.0009553515634235336, "train/num_steps": 1960, "train/cosine_sim_image": 0.6342813611030579, "train/loss_mse_image": 0.4685006652559553, "train/loss_mae_image": 0.5238107596124921, "train/loss_nce_image": 2.9217305626188006, "train/loss_rec": 0.17790162009852273, "train/loss_cyc": 0.017137926896767956, "val/val_loss": 20.373153686523438, "val/val_num_steps": 336, "val/val_cosine_sim_image": 0.5101333310206732, "val/val_loss_mse_image": 0.5798084437847137, "val/val_loss_mae_image": 0.5827649633089701, "val/val_loss_nce_image": 2.77609916528066, "val/val_loss_rec": 0.16764193028211594, "val/val_loss_cyc": 0.005594015509511034, "_timestamp": 1724646701.2011268, "_runtime": 3910.9712529182434, "_step": 55, "_wandb": {"runtime": 3966}}