{"train/loss": 30.766961288452148, "train/lr": 3.02084140291023e-06, "train/num_steps": 5040, "train/cosine_sim_image": 0.5990844420024327, "train/loss_nce_image": 0.0, "train/loss_mse_image": 2.0881021347512224e-05, "train/loss_mae_image": 0.0028206230473837683, "train/loss_cos_image": 0.0, "train/loss_rec": 0.46645908270563397, "train/loss_cyc": 0.0061694232081728325, "train/fwd_pct_correct": 0.9054166078567505, "train/bwd_pct_correct": 0.4845869839191437, "val/loss": 32.08123906453451, "val/num_steps": 864, "val/cosine_sim_image": 0.5638560752073923, "val/loss_nce_image": 0.0, "val/loss_mse_image": 2.2715830709785223e-05, "val/loss_mae_image": 0.002937914958844582, "val/loss_cos_image": 0.0, "val/loss_rec": 0.42876584827899933, "val/loss_cyc": 0.0017403159096526604, "val/fwd_pct_correct": 0.47999998927116394, "val/bwd_pct_correct": 0.3100000023841858, "_timestamp": 1721700284.3111694, "_runtime": 2740.4200534820557, "_step": 143, "_wandb": {"runtime": 2752}}