{"train/loss": 83.48251748251748, "train/lr": 0.00020117742316709414, "train/num_steps": 33748, "train/cosine_sim_embedding": 0.6336797967657343, "train/ms_ssim_image": 0.3741668487762238, "train/loss_mae_image": 0.1634017837631119, "train/loss_ms_ssim_image": 0.6258263221153846, "train/loss_mse_embedding": 0.28297520350743005, "val/loss": 109.39583333333333, "val/num_steps": 1770, "val/cosine_sim_embedding": 0.5065755208333333, "val/ms_ssim_image": 0.23404134114583333, "val/loss_mae_image": 0.24959309895833334, "val/loss_ms_ssim_image": 0.766015625, "val/loss_mse_embedding": 0.41061197916666664, "_timestamp": 1721079552.7014542, "_runtime": 35179.84104323387, "_step": 117}