{"train/loss": 13.455583749815474, "train/lr": 0.00045141492925399913, "train/num_steps": 3612, "train/cosine_sim_image_fc": 0.7491948285768198, "train/cosine_sim_image_2": 0.5881233617316844, "train/cosine_sim_image_3": 0.515437914188518, "train/cosine_sim_image_4": 0.6135222773219264, "train/cosine_sim_image_5": 0.6079769390960073, "train/cosine_sim_image_6": 0.5863332713759223, "train/loss_mse_image_fc": 1.9594155335568738e-05, "train/loss_mse_image_2": 2.1451909137689402e-05, "train/loss_mse_image_3": 2.5237609808628316e-05, "train/loss_mse_image_4": 2.012904888245028e-05, "train/loss_mse_image_5": 2.041786903519519e-05, "train/loss_mse_image_6": 2.154514323740651e-05, "train/loss_mae_image_fc": 0.0033392838180758234, "train/loss_mae_image_2": 0.0032883408306123214, "train/loss_mae_image_3": 0.0034890602434833728, "train/loss_mae_image_4": 0.003211411780157928, "train/loss_mae_image_5": 0.0032584965797574366, "train/loss_mae_image_6": 0.00336911890460828, "train/loss_rec": 0.4024877128906028, "train/loss_cyc": 0.015965105824952208, "val/val_loss": 14.580090363820394, "val/val_num_steps": 252, "val/val_cosine_sim_image_fc": 0.732366273800532, "val/val_cosine_sim_image_2": 0.5563300549983978, "val/val_cosine_sim_image_3": 0.47951877613862354, "val/val_cosine_sim_image_4": 0.5713194012641907, "val/val_cosine_sim_image_5": 0.5670206348101298, "val/val_cosine_sim_image_6": 0.5408308804035187, "val/val_loss_mse_image_fc": 2.0908886654069647e-05, "val/val_loss_mse_image_2": 2.310781019332353e-05, "val/val_loss_mse_image_3": 2.7108397868384298e-05, "val/val_loss_mse_image_4": 2.232711540273158e-05, "val/val_loss_mse_image_5": 2.255101026094053e-05, "val/val_loss_mse_image_6": 2.3915058591228444e-05, "val/val_loss_mae_image_fc": 0.0034494505962356925, "val/val_loss_mae_image_2": 0.003373894918089112, "val/val_loss_mae_image_3": 0.0035808622293795147, "val/val_loss_mae_image_4": 0.003336691646836698, "val/val_loss_mae_image_5": 0.0033871319610625505, "val/val_loss_mae_image_6": 0.0035196999475980797, "val/val_loss_rec": 0.3758128583431244, "val/val_loss_cyc": 0.005972269534443815, "_timestamp": 1721791145.2118905, "_runtime": 1366.863483428955, "_step": 41}