{"train/loss": 64.08504557055096, "train/lr": 0.0009999378193693111, "train/num_steps": 172, "train/cosine_sim_image": 0.3336364058561103, "train/loss_mse_image": 0.7084223600321038, "train/loss_mae_image": 0.6439721113027528, "train/loss_nce_image": 6.38502724226131, "train/cosine_sim_image_token": 0.5406152259471805, "train/loss_mse_image_token": 0.9608204447945883, "train/loss_mae_image_token": 0.7681535274483436, "train/loss_nce_image_token": 6.394757370616114, "train/loss_clip_image_token": 3475.2481377180234, "train/loss_rec": 0.31297438435776287, "train/loss_cyc": 0.010925377610810968, "val/val_loss": 59.388248443603516, "val/val_num_steps": 24, "val/val_cosine_sim_image": 0.35075144469738007, "val/val_loss_mse_image": 0.692278246084849, "val/val_loss_mae_image": 0.6356768906116486, "val/val_loss_nce_image": 4.878207683563232, "val/val_cosine_sim_image_token": 0.5522212485472361, "val/val_loss_mse_image_token": 0.9366215368111929, "val/val_loss_mae_image_token": 0.7579260865847269, "val/val_loss_nce_image_token": 4.890765984853108, "val/val_loss_clip_image_token": 2814.61279296875, "val/val_loss_rec": 0.28881029784679413, "val/val_loss_cyc": 0.0018261268075245123, "_timestamp": 1724977688.0172017, "_runtime": 314.1362657546997, "_step": 3, "_wandb": {"runtime": 361}}