{"train/loss": 12.27246458871024, "train/lr": 0.0009903155632301195, "train/num_steps": 945, "train/cosine_sim_image": 0.586902357850756, "train/loss_mse_image": 0.5136180996894837, "train/loss_mae_image": 0.0, "train/loss_nce_image": 1.7898015022277831, "train/loss_rec": 0.19146595980439868, "train/loss_cyc": 0.018835110855954035, "val/val_loss": 13.682566006978353, "val/val_num_steps": 162, "val/val_cosine_sim_image": 0.5090230156977972, "val/val_loss_mse_image": 0.5799928804238638, "val/val_loss_mae_image": 0.0, "val/val_loss_nce_image": 1.8960219621658325, "val/val_loss_rec": 0.1794864758849144, "val/val_loss_cyc": 0.007200177448491256, "_timestamp": 1724922575.62438, "_runtime": 1889.1385600566864, "_step": 26}