{"train/loss": 349.4739761352539, "train/lr": 0.0005090736650290693, "train/num_steps": 35, "train/cosine_sim_image": 0.034180276129128676, "train/loss_mse_image": 1.9369964293071202, "train/loss_mae_image": 1.0773407987185888, "train/loss_kl_image": 2913.8422467912947, "train/loss_nce_image": 6.875127574375697, "train/loss_rec": 0.6123633061136519, "train/loss_cyc": 1.0889219675745283, "val/val_loss": 65.8245366414388, "val/val_num_steps": 6, "val/val_cosine_sim_image": 0.1599183107415835, "val/val_loss_mse_image": 1.0322982668876648, "val/val_loss_mae_image": 0.7495789627234141, "val/val_loss_kl_image": 318.84697977701825, "val/val_loss_nce_image": 5.326701243718465, "val/val_loss_rec": 0.3752313256263733, "val/val_loss_cyc": 0.09614830588301022, "_timestamp": 1724984615.4907405, "_runtime": 73.45061945915222, "_step": 0, "_wandb": {"runtime": 107}}