{"train/loss": 13.162651450134987, "train/lr": 0.0004560073070667433, "train/num_steps": 3440, "train/cosine_sim_image_fc": 0.7522992179837338, "train/cosine_sim_image_2": 0.5868823154028072, "train/cosine_sim_image_3": 0.5829377229823622, "train/cosine_sim_image_4": 0.5871487107387808, "train/cosine_sim_image_5": 0.580433993145477, "train/cosine_sim_image_6": 0.5915778002073598, "train/loss_mse_image_fc": 1.9351624486748627e-05, "train/loss_mse_image_2": 2.1516547243409996e-05, "train/loss_mse_image_3": 2.172199471482769e-05, "train/loss_mse_image_4": 2.150267230950534e-05, "train/loss_mse_image_5": 2.185239715567319e-05, "train/loss_mse_image_6": 2.127199039996201e-05, "train/loss_mae_image_fc": 0.0033214729479622354, "train/loss_mae_image_2": 0.0033149415692097918, "train/loss_mae_image_3": 0.0033371077585142364, "train/loss_mae_image_4": 0.0033695085845930977, "train/loss_mae_image_5": 0.003437741020651058, "train/loss_mae_image_6": 0.0034149541319239626, "train/loss_rec": 0.40427874756413834, "train/loss_cyc": 0.016454381673315237, "val/val_loss": 14.362940152486166, "val/val_num_steps": 240, "val/val_cosine_sim_image_fc": 0.7335520883401235, "val/val_cosine_sim_image_2": 0.5522270699342092, "val/val_cosine_sim_image_3": 0.5480649868647257, "val/val_cosine_sim_image_4": 0.5424356857935587, "val/val_cosine_sim_image_5": 0.5323543051878611, "val/val_cosine_sim_image_6": 0.54503133893013, "val/val_loss_mse_image_fc": 2.0816245523747057e-05, "val/val_loss_mse_image_2": 2.3321508403266005e-05, "val/val_loss_mse_image_3": 2.3538281917960074e-05, "val/val_loss_mse_image_4": 2.3831477543960016e-05, "val/val_loss_mse_image_5": 2.4356548237847164e-05, "val/val_loss_mse_image_6": 2.3696284794520277e-05, "val/val_loss_mae_image_fc": 0.0034445375592137375, "val/val_loss_mae_image_2": 0.0034109879828368625, "val/val_loss_mae_image_3": 0.0034378706477582455, "val/val_loss_mae_image_4": 0.003518264158628881, "val/val_loss_mae_image_5": 0.003603265737183392, "val/val_loss_mae_image_6": 0.0035830571626623473, "val/val_loss_rec": 0.37951457997163135, "val/val_loss_cyc": 0.006393113949646552, "_timestamp": 1721794299.6759253, "_runtime": 1655.3213212490082, "_step": 39, "_wandb": {"runtime": 1769}}