{"train/loss": 59.68537769761196, "train/lr": 0.0004999689096846556, "train/num_steps": 344, "train/cosine_sim_image": 0.28209654848242915, "train/loss_mse_image": 0.9290258184421895, "train/loss_mae_image": 0.7565267377121504, "train/loss_nce_image": 491006.9066133721, "train/loss_rec": 0.6771840307601663, "train/loss_cyc": 0.0815664610370647, "val/val_loss": 57.44106356302897, "val/val_num_steps": 24, "val/val_cosine_sim_image": 0.21326104054848352, "val/val_loss_mse_image": 0.9063576559225718, "val/val_loss_mae_image": 0.7467612425486246, "val/val_loss_nce_image": 398491.7552083333, "val/val_loss_rec": 0.6417061487833658, "val/val_loss_cyc": 0.028944322528938454, "_timestamp": 1724473215.5979111, "_runtime": 939.027125120163, "_step": 3, "_wandb": {"runtime": 998}}