{"train/loss": 1.84763727077218, "train/lr": 0.0004342517891070473, "train/num_steps": 3182, "train/cosine_sim_image": 0.646314702754797, "train/loss_nce_image": 0.0, "train/loss_mse_image": 1.8421110368318866e-05, "train/loss_mae_image": 0.0, "train/loss_cos_image": 0.0, "train/loss_rec": 0.0, "train/loss_cyc": 0.0055262297175304835, "train/fwd_pct_correct": 0.953957200050354, "train/bwd_pct_correct": 0.6085041165351868, "val/loss": 3.5658119122187295, "val/num_steps": 222, "val/cosine_sim_image": 0.6162235140800476, "val/loss_nce_image": 0.0, "val/loss_mse_image": 1.998835917523441e-05, "val/loss_mae_image": 0.0, "val/loss_cos_image": 0.0, "val/loss_rec": 1.5646475752194722, "val/loss_cyc": 0.002328471940321227, "val/fwd_pct_correct": 0.6341667175292969, "val/bwd_pct_correct": 0.3516666889190674, "_timestamp": 1721728496.4932516, "_runtime": 654.041829586029, "_step": 36, "_wandb": {"runtime": 684}}