{"train/loss": 13.60764617698137, "train/lr": 0.00047226444443940343, "train/num_steps": 2752, "train/cosine_sim_image_fc": 0.7441796147546103, "train/cosine_sim_image_2": 0.5800595997377883, "train/cosine_sim_image_3": 0.504874660525211, "train/cosine_sim_image_4": 0.6021015491596488, "train/cosine_sim_image_5": 0.5967550499494686, "train/cosine_sim_image_6": 0.5736060960348263, "train/loss_mse_image_fc": 1.9985968148915182e-05, "train/loss_mse_image_2": 2.1871897039344794e-05, "train/loss_mse_image_3": 2.5787778868953168e-05, "train/loss_mse_image_4": 2.0723878405142174e-05, "train/loss_mse_image_5": 2.1002342162869035e-05, "train/loss_mse_image_6": 2.2208017071534414e-05, "train/loss_mae_image_fc": 0.0033708588507156386, "train/loss_mae_image_2": 0.0033126328774013146, "train/loss_mae_image_3": 0.003516502518661667, "train/loss_mae_image_4": 0.0032486602079209895, "train/loss_mae_image_5": 0.0032955082268779014, "train/loss_mae_image_6": 0.0034103510619769265, "train/loss_rec": 0.4116889917573264, "train/loss_cyc": 0.01781459885844311, "val/val_loss": 14.339004675547281, "val/val_num_steps": 192, "val/val_cosine_sim_image_fc": 0.7327841321627299, "val/val_cosine_sim_image_2": 0.5598296225070953, "val/val_cosine_sim_image_3": 0.4811226973930995, "val/val_cosine_sim_image_4": 0.5741403301556905, "val/val_cosine_sim_image_5": 0.5694554348786672, "val/val_cosine_sim_image_6": 0.5430047810077667, "val/val_loss_mse_image_fc": 2.0876239735419706e-05, "val/val_loss_mse_image_2": 2.2925541391790222e-05, "val/val_loss_mse_image_3": 2.7024861083191354e-05, "val/val_loss_mse_image_4": 2.218019108113367e-05, "val/val_loss_mse_image_5": 2.2424197292518027e-05, "val/val_loss_mse_image_6": 2.3801835898969632e-05, "val/val_loss_mae_image_fc": 0.0034450960035125413, "val/val_loss_mae_image_2": 0.003365732302578787, "val/val_loss_mae_image_3": 0.0035758924980958304, "val/val_loss_mae_image_4": 0.0033305073933055005, "val/val_loss_mae_image_5": 0.0033788047342871628, "val/val_loss_mae_image_6": 0.0035086224088445306, "val/val_loss_rec": 0.3883645385503769, "val/val_loss_cyc": 0.006748957249025504, "_timestamp": 1721792279.6506155, "_runtime": 629.7957143783569, "_step": 31, "_wandb": {"runtime": 759}}