{"train/loss": 63.76027222566827, "train/lr": 0.000499992227300092, "train/num_steps": 258, "train/cosine_sim_image": 0.24921183946520784, "train/loss_mse_image": 0.9783173591591591, "train/loss_mae_image": 0.7774205367232478, "train/loss_nce_image": 625327.7532703489, "train/loss_rec": 0.6997509078924046, "train/loss_cyc": 0.11717087576209112, "val/val_loss": 60.25336583455404, "val/val_num_steps": 18, "val/val_cosine_sim_image": 0.26405400534470874, "val/val_loss_mse_image": 0.9440074563026428, "val/val_loss_mae_image": 0.7629206875960032, "val/val_loss_nce_image": 473128.390625, "val/val_loss_rec": 0.6578238805135092, "val/val_loss_cyc": 0.0346771435191234, "_timestamp": 1724496965.6453238, "_runtime": 708.615476846695, "_step": 2, "_wandb": {"runtime": 902}}