{"train/loss": 16.282122989033542, "train/lr": 0.00034980218078831235, "train/num_steps": 215, "train/cosine_sim_image_fc": 0.7024943967198216, "train/cosine_sim_image_2": 0.5282550980878431, "train/cosine_sim_image_3": 0.5194697865220004, "train/cosine_sim_image_4": 0.4788973622543867, "train/cosine_sim_image_5": 0.4617727821649507, "train/cosine_sim_image_6": 0.4717348522918169, "train/loss_mse_image_fc": 2.3242625777425547e-05, "train/loss_mse_image_2": 2.457004856571371e-05, "train/loss_mse_image_3": 2.5027616703842205e-05, "train/loss_mse_image_4": 2.7140763217345054e-05, "train/loss_mse_image_5": 2.8032668587700247e-05, "train/loss_mse_image_6": 2.751381095528581e-05, "train/loss_mae_image_fc": 0.0036356410358187766, "train/loss_mae_image_2": 0.003505134630168593, "train/loss_mae_image_3": 0.0035693033403435418, "train/loss_mae_image_4": 0.003719290068676305, "train/loss_mae_image_5": 0.0038032885749152926, "train/loss_mae_image_6": 0.003786568427025232, "train/loss_clip_image_fc": 0.0, "train/loss_clip_image_2": 0.0, "train/loss_clip_image_3": 0.0, "train/loss_clip_image_4": 0.0, "train/loss_clip_image_5": 0.0, "train/loss_clip_image_6": 0.0, "train/loss_rec": 0.6460120165070822, "train/loss_cyc": 0.0286177292379529, "val/val_loss": 16.009406566619873, "val/val_num_steps": 30, "val/val_cosine_sim_image_fc": 0.7081725398699442, "val/val_cosine_sim_image_2": 0.5346516370773315, "val/val_cosine_sim_image_3": 0.5268032451470693, "val/val_cosine_sim_image_4": 0.48585860927899677, "val/val_cosine_sim_image_5": 0.46759259700775146, "val/val_cosine_sim_image_6": 0.47837639848391217, "val/val_loss_mse_image_fc": 2.279902067433189e-05, "val/val_loss_mse_image_2": 2.423689481171702e-05, "val/val_loss_mse_image_3": 2.464566629593416e-05, "val/val_loss_mse_image_4": 2.677819793461822e-05, "val/val_loss_mse_image_5": 2.7729552433205146e-05, "val/val_loss_mse_image_6": 2.716789640544448e-05, "val/val_loss_mae_image_fc": 0.0035873123755057654, "val/val_loss_mae_image_2": 0.0034562196427335343, "val/val_loss_mae_image_3": 0.0035167529325311384, "val/val_loss_mae_image_4": 0.0036694155229876437, "val/val_loss_mae_image_5": 0.0037633874841655293, "val/val_loss_mae_image_6": 0.003744242829270661, "val/val_loss_clip_image_fc": 0.0, "val/val_loss_clip_image_2": 0.0, "val/val_loss_clip_image_3": 0.0, "val/val_loss_clip_image_4": 0.0, "val/val_loss_clip_image_5": 0.0, "val/val_loss_clip_image_6": 0.0, "val/val_loss_rec": 0.6126249730587006, "val/val_loss_cyc": 0.007035932581250866, "_timestamp": 1721810414.0150836, "_runtime": 87.99265646934509, "_step": 4, "_wandb": {"runtime": 88}}