{"train/loss": 236.71660649819495, "train/lr": 0.00035832459470113744, "train/num_steps": 49860, "train/cosine_sim_embedding": 0.8049043180279783, "train/ms_ssim_image": 0.37035515850631767, "train/loss_mae_image": 0.1467818387578971, "train/loss_rec": 0.32086045744186703, "train/loss_cyc": 0.0005559743816387716, "train/loss_ms_ssim_image": 0.6296377905009025, "train/loss_mse_embedding": 0.29912955494133575, "val/loss": 305.4166666666667, "val/num_steps": 2700, "val/cosine_sim_embedding": 0.7365559895833333, "val/ms_ssim_image": 0.21993001302083334, "val/loss_mae_image": 0.23369954427083334, "val/loss_rec": 0.2998723069826762, "val/loss_cyc": 0.00017564784502610564, "val/loss_ms_ssim_image": 0.780078125, "val/loss_mse_embedding": 0.4498046875, "_timestamp": 1721360545.821762, "_runtime": 61490.562187194824, "_step": 179}