{"train/loss": 1.2106671929359436, "train/lr": 0.00045822617873137546, "train/num_steps": 3354, "train/cosine_sim_image_fc": 0.7461790934551594, "train/cosine_sim_image_2": 0.6024648748164954, "train/cosine_sim_image_3": 0.5978377177271732, "train/cosine_sim_image_4": 0.5755777338216471, "train/loss_mse_image_fc": 1.9829759303531826e-05, "train/loss_mse_image_2": 2.070495524686669e-05, "train/loss_mse_image_3": 2.094595325869768e-05, "train/loss_mse_image_4": 2.2105327293819606e-05, "train/loss_mae_image_fc": 0.0, "train/loss_mae_image_2": 0.0, "train/loss_mae_image_3": 0.0, "train/loss_mae_image_4": 0.0, "train/loss_clip_image_fc": 0.0, "train/loss_clip_image_2": 0.0, "train/loss_clip_image_3": 0.0, "train/loss_clip_image_4": 0.0, "train/loss_rec": 0.3714448463085086, "train/loss_cyc": 0.003362405693245142, "val/val_loss": 1.2439172863960266, "val/val_num_steps": 234, "val/val_cosine_sim_image_fc": 0.7328455746173859, "val/val_cosine_sim_image_2": 0.5733890533447266, "val/val_cosine_sim_image_3": 0.5687794188658396, "val/val_cosine_sim_image_4": 0.5423788328965505, "val/val_loss_mse_image_fc": 2.087143972554865e-05, "val/val_loss_mse_image_2": 2.2219321787512552e-05, "val/val_loss_mse_image_3": 2.245940595457796e-05, "val/val_loss_mse_image_4": 2.3834436736554682e-05, "val/val_loss_mae_image_fc": 0.0, "val/val_loss_mae_image_2": 0.0, "val/val_loss_mae_image_3": 0.0, "val/val_loss_mae_image_4": 0.0, "val/val_loss_clip_image_fc": 0.0, "val/val_loss_clip_image_2": 0.0, "val/val_loss_clip_image_3": 0.0, "val/val_loss_clip_image_4": 0.0, "val/val_loss_rec": 0.34879350662231445, "val/val_loss_cyc": 0.0012777273077517748, "_timestamp": 1723603058.173933, "_runtime": 980.4521651268005, "_step": 38, "_wandb": {"runtime": 1017}}