{"train/loss": 2.605629848879437, "train/lr": 0.0004412493031641796, "train/num_steps": 1505, "train/cosine_sim_image": 0.5860313246416491, "train/loss_nce_image": 0.0, "train/loss_mse_image": 2.156086952180526e-05, "train/loss_mae_image": 0.0, "train/loss_cos_image": 0.0, "train/loss_rec": 0.44300136940423834, "train/loss_cyc": 0.006541553419083357, "train/fwd_pct_correct": 0.6841232776641846, "train/bwd_pct_correct": 0.14231936633586884, "val/loss": 2.651707092920939, "val/num_steps": 210, "val/cosine_sim_image": 0.5715814630190531, "val/loss_nce_image": 0.0, "val/loss_mse_image": 2.2313467525236774e-05, "val/loss_mae_image": 0.0, "val/loss_cos_image": 0.0, "val/loss_rec": 0.41798729201157886, "val/loss_cyc": 0.002373040091091146, "val/fwd_pct_correct": 0.5908333659172058, "val/bwd_pct_correct": 0.17749999463558197, "_timestamp": 1721723995.5442188, "_runtime": 455.01819586753845, "_step": 34, "_wandb": {"runtime": 463}}