{"train/loss": 12.6848998624225, "train/lr": 0.0004390595188013875, "train/num_steps": 4042, "train/cosine_sim_image_fc": 0.7553199488063191, "train/cosine_sim_image_2": 0.6161807491335758, "train/cosine_sim_image_3": 0.6125615530235823, "train/cosine_sim_image_4": 0.5947654739368794, "train/cosine_sim_image_5": 0.5884383320808411, "train/cosine_sim_image_6": 0.5991614634214446, "train/loss_mse_image_fc": 1.911562964757417e-05, "train/loss_mse_image_2": 1.9990587197541974e-05, "train/loss_mse_image_3": 2.0179087017780593e-05, "train/loss_mse_image_4": 2.1105966012793604e-05, "train/loss_mse_image_5": 2.1435504835565997e-05, "train/loss_mse_image_6": 2.087700818793924e-05, "train/loss_mae_image_fc": 0.0, "train/loss_mae_image_2": 0.0, "train/loss_mae_image_3": 0.0, "train/loss_mae_image_4": 0.0, "train/loss_mae_image_5": 0.0, "train/loss_mae_image_6": 0.0, "train/loss_clip_image_fc": 0.0, "train/loss_clip_image_2": 0.0, "train/loss_clip_image_3": 0.0, "train/loss_clip_image_4": 0.0, "train/loss_clip_image_5": 0.0, "train/loss_clip_image_6": 0.0, "train/loss_rec": 0.39850483800089637, "train/loss_cyc": 0.01601683019205581, "val/val_loss": 14.148176352183023, "val/val_num_steps": 282, "val/val_cosine_sim_image_fc": 0.7331628302733103, "val/val_cosine_sim_image_2": 0.5717406570911407, "val/val_cosine_sim_image_3": 0.5673342049121857, "val/val_cosine_sim_image_4": 0.541514535744985, "val/val_cosine_sim_image_5": 0.5314872761567434, "val/val_cosine_sim_image_6": 0.5442322393258413, "val/val_loss_mse_image_fc": 2.0846653569606133e-05, "val/val_loss_mse_image_2": 2.2305175055710908e-05, "val/val_loss_mse_image_3": 2.2534678161415893e-05, "val/val_loss_mse_image_4": 2.3879452783148736e-05, "val/val_loss_mse_image_5": 2.4401705256119992e-05, "val/val_loss_mse_image_6": 2.373790660688731e-05, "val/val_loss_mae_image_fc": 0.0, "val/val_loss_mae_image_2": 0.0, "val/val_loss_mae_image_3": 0.0, "val/val_loss_mae_image_4": 0.0, "val/val_loss_mae_image_5": 0.0, "val/val_loss_mae_image_6": 0.0, "val/val_loss_clip_image_fc": 0.0, "val/val_loss_clip_image_2": 0.0, "val/val_loss_clip_image_3": 0.0, "val/val_loss_clip_image_4": 0.0, "val/val_loss_clip_image_5": 0.0, "val/val_loss_clip_image_6": 0.0, "val/val_loss_rec": 0.3726518452167511, "val/val_loss_cyc": 0.004967444304687281, "_timestamp": 1723450567.0175219, "_runtime": 1029.7613017559052, "_step": 46}