{"train/loss": 9.904021344866072, "train/lr": 0.0009631382954553128, "train/num_steps": 1785, "train/cosine_sim_image": 0.6161721808569772, "train/loss_mse_image": 0.48566027539116996, "train/loss_mae_image": 0.0, "train/loss_kl_image": 0.0, "train/loss_nce_image": 0.0, "train/loss_rec": 0.18059976611818587, "train/loss_cyc": 0.010216019808181695, "val/val_loss": 11.496599833170572, "val/val_num_steps": 306, "val/val_cosine_sim_image": 0.526340663433075, "val/val_loss_mse_image": 0.5660998423894247, "val/val_loss_mae_image": 0.0, "val/val_loss_kl_image": 0.0, "val/val_loss_nce_image": 0.0, "val/val_loss_rec": 0.17100057005882263, "val/val_loss_cyc": 0.003602219784321884, "_timestamp": 1724991475.128559, "_runtime": 3607.9261231422424, "_step": 50, "_wandb": {"runtime": 3621}}