{"train/loss": 31.471743295359058, "train/lr": 0.00024381258422255417, "train/num_steps": 7482, "train/cosine_sim_image": 0.5132140808327254, "train/loss_nce_image": 0.053744561190522, "train/loss_mse_image": 2.5353434191560536e-05, "train/loss_cos_image": 0.0, "train/loss_rec": 0.4403286898551985, "train/loss_cyc": 0.03754733294941658, "train/fwd_pct_correct": 0.9971892833709717, "train/bwd_pct_correct": 0.9808785319328308, "val/loss": 36.50660705566406, "val/num_steps": 522, "val/cosine_sim_image": 0.4799715429544449, "val/loss_nce_image": 1.9875050981839497, "val/loss_mse_image": 2.7084817096086528e-05, "val/loss_mae_image": 0.003157984698191285, "val/loss_cos_image": 0.0, "val/loss_rec": 0.3987452934185664, "val/loss_cyc": 0.011308031777540842, "val/fwd_pct_correct": 0.6274999976158142, "val/bwd_pct_correct": 0.5024999976158142, "_timestamp": 1721539593.6252863, "_runtime": 1788.6061663627625, "_step": 86, "_wandb": {"runtime": 1812}}