{"train/loss": 29.610783658708844, "train/lr": 0.0004899980693591863, "train/num_steps": 1645, "train/cosine_sim_text": 0.4345427061830248, "train/loss_nce_text": 2.5309911455426897, "train/loss_mse_text": 1.9123962452535383e-05, "train/loss_mae_text": 0.0022042514357183663, "train/loss_rec": 0.4554598697594234, "train/loss_cyc": 0.138430669265134, "val/loss": 32.20149167378744, "val/num_steps": 282, "val/cosine_sim_text": 0.42091751595338184, "val/loss_nce_text": 3.7633718252182007, "val/loss_mse_text": 1.9584770294992875e-05, "val/loss_mae_text": 0.0022479358206813536, "val/loss_rec": 0.2025711089372635, "val/loss_cyc": 0.03434165846556425, "_timestamp": 1721183041.328848, "_runtime": 973.5221238136292, "_step": 46}