{"train/loss": 33.74833521161761, "train/lr": 0.0004975971565364387, "train/num_steps": 840, "train/cosine_sim_text": 0.3375761125768934, "train/loss_nce_text": 3.7257880960192, "train/loss_mse_text": 2.240340576723351e-05, "train/loss_mae_text": 0.002343085827305913, "train/loss_rec": 0.4828359041895185, "train/loss_cyc": 0.14272464364767073, "val/loss": 31.33211676279704, "val/num_steps": 144, "val/cosine_sim_text": 0.3415783991416295, "val/loss_nce_text": 2.881728410720825, "val/loss_mse_text": 2.226804584400573e-05, "val/loss_mae_text": 0.00231083695931981, "val/loss_rec": 0.1963424781958262, "val/loss_cyc": 0.03714359117050966, "_timestamp": 1721187346.2193851, "_runtime": 495.6815872192383, "_step": 23}