{"train/loss": 640.9447421369881, "train/lr": 0.0009450948410406228, "train/num_steps": 2233, "train/cosine_sim_image": 0.6601834769906669, "train/loss_nce_image": 0.004119904101665677, "train/loss_mse_image": 1.7698779880322098e-05, "train/loss_mae_image": 0.0029867335447463497, "train/loss_cos_image": 0.3398165230093331, "train/loss_rec": 0.5014832492532402, "train/loss_cyc": 0.13818216272469225, "train/fwd_pct_correct": 0.9999712705612183, "train/bwd_pct_correct": 0.9978224635124207, "val/loss": 789.4840393066406, "val/num_steps": 462, "val/cosine_sim_image": 0.5692058205604553, "val/loss_nce_image": 2.568682551383972, "val/loss_mse_image": 2.2437197306620266e-05, "val/loss_mae_image": 0.0032769109044844904, "val/loss_cos_image": 0.4307941794395447, "val/loss_rec": 0.45681990683078766, "val/loss_cyc": 0.04273590383430322, "val/fwd_pct_correct": 0.7116667032241821, "val/bwd_pct_correct": 0.512499988079071, "_timestamp": 1721466228.4152226, "_runtime": 1030.9596276283264, "_step": 76, "_wandb": {"runtime": 1017}}