{"train/loss": 19.299462429312772, "train/lr": 0.0004984626968830829, "train/num_steps": 774, "train/cosine_sim_image": 0.1525408078071683, "train/fwd_percent_correct": 0.005700134672224522, "train/bwd_percent_correct": 0.005700134672224522, "train/loss_mse_image": 0.9739194547021112, "train/loss_mae_image": 0.7698548352995584, "train/loss_nce_image": 122496.06613372093, "train/loss_rec": 0.6061675631722738, "train/loss_cyc": 0.030591206928325253, "val/val_loss": 19.270689646402996, "val/val_num_steps": 54, "val/val_cosine_sim_image": 0.17875870565573374, "val/val_fwd_percent_correct": 0.01833333447575569, "val/val_bwd_percent_correct": 0.01833333447575569, "val/val_loss_mse_image": 0.9676878750324249, "val/val_loss_mae_image": 0.76711106300354, "val/val_loss_nce_image": 133432.50130208334, "val/val_loss_rec": 0.5780041714509329, "val/val_loss_cyc": 0.010371328176309666, "_timestamp": 1724316913.0608945, "_runtime": 2138.433224439621, "_step": 8}