{"train/loss": 14.32933088030134, "train/lr": 0.00025453683251453466, "train/num_steps": 35, "train/cosine_sim_text": 0.2784458415383207, "train/loss_nce_text": 6.906493582044329, "train/loss_mse_text": 2.4403212124265598e-05, "train/loss_mae_text": 0.0036116362482841525, "train/loss_rec": 0.6699361000742231, "train/loss_cyc": 0.7009435841015407, "val/loss": 10.504206657409668, "val/num_steps": 6, "val/cosine_sim_text": 0.4881233771642049, "val/loss_nce_text": 5.36031707127889, "val/loss_mse_text": 1.7311844506669633e-05, "val/loss_mae_text": 0.003009551321156323, "val/loss_rec": 0.36029934883117676, "val/loss_cyc": 0.042854610520104565, "_timestamp": 1724665721.792171, "_runtime": 24.24103307723999, "_step": 0, "_wandb": {"runtime": 23}}