{"train/loss": 39.71521315463754, "train/lr": 0.002968267261983524, "train/num_steps": 1290, "train/cosine_sim_image": 0.5249937322250632, "train/loss_nce_image": 0.0, "train/loss_mse_image": 2.47399110205236e-05, "train/loss_mae_image": 0.0031844553819229435, "train/loss_cos_image": 0.47500626777493676, "train/loss_rec": 0.6162468444469363, "train/loss_cyc": 0.030358559906829233, "train/fwd_pct_correct": 0.3215894103050232, "train/bwd_pct_correct": 0.06476054340600967, "val/loss": 40.042365392049156, "val/num_steps": 90, "val/cosine_sim_image": 0.5172625879446665, "val/loss_nce_image": 0.0, "val/loss_mse_image": 2.514257418321601e-05, "val/loss_mae_image": 0.0032052151315535107, "val/loss_cos_image": 0.48273741205533344, "val/loss_rec": 0.6279370288054148, "val/loss_cyc": 0.020644516373674076, "val/fwd_pct_correct": 0.27250003814697266, "val/bwd_pct_correct": 0.06583333760499954, "_timestamp": 1721641094.4570968, "_runtime": 213.81095385551453, "_step": 14, "_wandb": {"runtime": 213}}