{"train/loss": 103.48448426573427, "train/lr": 0.000499284297715385, "train/num_steps": 4004, "train/cosine_sim_embedding": 0.7683839597902098, "train/ms_ssim_image": 0.2769019920509178, "train/loss_mae_image": 0.2285783674333479, "train/loss_ms_ssim_image": 0.7230933129370629, "train/loss_mse_embedding": 0.3908495069383741, "val/loss": 107.0875, "val/num_steps": 210, "val/cosine_sim_embedding": 0.7595052083333333, "val/ms_ssim_image": 0.26101888020833336, "val/loss_mae_image": 0.24609375, "val/loss_ms_ssim_image": 0.7389322916666666, "val/loss_mse_embedding": 0.4107421875, "_timestamp": 1721282100.706675, "_runtime": 6414.14988899231, "_step": 13, "_wandb": {"runtime": 6667}}