{"train/loss": 17.19582154410226, "train/lr": 2.544006389944584e-05, "train/num_steps": 8995, "train/cosine_sim_text": 0.8147879311016628, "train/loss_nce_text": 0.041291106332625664, "train/loss_mse_text": 6.26393865396884e-06, "train/loss_mae_text": 0.0015603675906147275, "train/loss_rec": 0.4118882596492767, "train/loss_cyc": 0.09966136898313249, "val/loss": 99.6925875345866, "val/num_steps": 1542, "val/cosine_sim_text": 0.6927815278371176, "val/loss_nce_text": 6.952205657958984, "val/loss_mse_text": 1.039023572957376e-05, "val/loss_mae_text": 0.0022001405401776233, "val/loss_rec": 0.162298155327638, "val/loss_cyc": 0.015601004784305891, "_timestamp": 1721144094.9866364, "_runtime": 9461.744556427002, "_step": 256}