{"train/loss": 37.20088541784952, "train/lr": 0.00029932560565592073, "train/num_steps": 473, "train/cosine_sim_text": 0.29010031597558844, "train/loss_nce_text": 4.819132017534833, "train/loss_mse_text": 2.40090526900996e-05, "train/loss_mae_text": 0.0024496660145476115, "train/loss_rec": 0.5441391273986461, "train/loss_cyc": 0.1209167692550393, "val/loss": 32.63835144042969, "val/num_steps": 66, "val/cosine_sim_text": 0.29870398342609406, "val/loss_nce_text": 3.060352842013041, "val/loss_mse_text": 2.371807416542045e-05, "val/loss_mae_text": 0.0023878972278907895, "val/loss_rec": 0.22601749499638876, "val/loss_cyc": 0.040848612474898495, "_timestamp": 1721118776.5987349, "_runtime": 613.1196868419647, "_step": 10}