{"train/loss": 1265.8634075785792, "train/lr": 0.0004954607865776322, "train/num_steps": 946, "train/cosine_sim_image": 0.6109202400196431, "train/loss_nce_image": 0.0, "train/loss_mse_image": 0.012653267520025026, "train/loss_mae_image": 0.0, "train/loss_cos_image": 0.0, "train/loss_rec": 0.4765724158564279, "train/loss_cyc": 0.060092665168435075, "train/fwd_pct_correct": 0.6919437646865845, "train/bwd_pct_correct": 0.21742267906665802, "val/loss": 1266.3597412109375, "val/num_steps": 66, "val/cosine_sim_image": 0.604944517215093, "val/loss_nce_image": 0.0, "val/loss_mse_image": 0.012658903375267982, "val/loss_mae_image": 0.0, "val/loss_cos_image": 0.0, "val/loss_rec": 0.4467369019985199, "val/loss_cyc": 0.022694545798003674, "val/fwd_pct_correct": 0.6091666221618652, "val/bwd_pct_correct": 0.25583335757255554, "_timestamp": 1721725366.3252974, "_runtime": 157.19142127037048, "_step": 10, "_wandb": {"runtime": 162}}