{"train/loss": 28.50966110229492, "train/lr": 0.00048401757997978674, "train/num_steps": 2065, "train/cosine_sim_text": 0.46956014803477697, "train/loss_nce_text": 2.33426137311118, "train/loss_mse_text": 1.7939660964267594e-05, "train/loss_mae_text": 0.0021469647463943278, "train/loss_rec": 0.4549281716346741, "train/loss_cyc": 0.12259669942515238, "val/loss": 32.430468241373696, "val/num_steps": 354, "val/cosine_sim_text": 0.4489866445461909, "val/loss_nce_text": 4.013924439748128, "val/loss_mse_text": 1.8635462159484934e-05, "val/loss_mae_text": 0.0022251576107616224, "val/loss_rec": 0.26122744878133136, "val/loss_cyc": 0.02626815252006054, "_timestamp": 1721178595.970332, "_runtime": 1219.2963259220123, "_step": 58}