{"train/loss": 13.237094679544139, "train/lr": 0.00029587229935535087, "train/num_steps": 2279, "train/cosine_sim_image_fc": 0.7508052920186242, "train/cosine_sim_image_2": 0.5864056362662204, "train/cosine_sim_image_3": 0.5823152896969818, "train/cosine_sim_image_4": 0.5862119114676188, "train/cosine_sim_image_5": 0.5792886781138044, "train/cosine_sim_image_6": 0.5901826730994291, "train/loss_mse_image_fc": 1.9468337911327348e-05, "train/loss_mse_image_2": 2.154137422790924e-05, "train/loss_mse_image_3": 2.175441287088392e-05, "train/loss_mse_image_4": 2.1551463442995366e-05, "train/loss_mse_image_5": 2.1912049411438665e-05, "train/loss_mse_image_6": 2.1344653019738426e-05, "train/loss_mae_image_fc": 0.003328958883621665, "train/loss_mae_image_2": 0.003315822871098685, "train/loss_mae_image_3": 0.0033384844184268354, "train/loss_mae_image_4": 0.0033716138094923524, "train/loss_mae_image_5": 0.003440718929998057, "train/loss_mae_image_6": 0.0034189526273240875, "train/loss_clip_image_fc": 0.0, "train/loss_clip_image_2": 0.0, "train/loss_clip_image_3": 0.0, "train/loss_clip_image_4": 0.0, "train/loss_clip_image_5": 0.0, "train/loss_clip_image_6": 0.0, "train/loss_rec": 0.4122361610102099, "train/loss_cyc": 0.01745431235623221, "val/val_loss": 14.434654394785563, "val/val_num_steps": 318, "val/val_cosine_sim_image_fc": 0.7326438228289286, "val/val_cosine_sim_image_2": 0.5518499910831451, "val/val_cosine_sim_image_3": 0.5474095344543457, "val/val_cosine_sim_image_4": 0.541279117266337, "val/val_cosine_sim_image_5": 0.5307005246480306, "val/val_cosine_sim_image_6": 0.543189118305842, "val/val_loss_mse_image_fc": 2.0887203694049578e-05, "val/val_loss_mse_image_2": 2.3341147122361388e-05, "val/val_loss_mse_image_3": 2.3572421014250722e-05, "val/val_loss_mse_image_4": 2.389171459071804e-05, "val/val_loss_mse_image_5": 2.4442680720918968e-05, "val/val_loss_mse_image_6": 2.3792235272897717e-05, "val/val_loss_mae_image_fc": 0.0034511018311604857, "val/val_loss_mae_image_2": 0.0034104292280972004, "val/val_loss_mae_image_3": 0.0034373721185450754, "val/val_loss_mae_image_4": 0.003520760995646318, "val/val_loss_mae_image_5": 0.00360854621976614, "val/val_loss_mae_image_6": 0.003590959201877316, "val/val_loss_clip_image_fc": 0.0, "val/val_loss_clip_image_2": 0.0, "val/val_loss_clip_image_3": 0.0, "val/val_loss_clip_image_4": 0.0, "val/val_loss_clip_image_5": 0.0, "val/val_loss_clip_image_6": 0.0, "val/val_loss_rec": 0.384367694457372, "val/val_loss_cyc": 0.00546791582989196, "_timestamp": 1721810058.8133512, "_runtime": 1067.38449716568, "_step": 52, "_wandb": {"runtime": 1111}}