{"train/loss": 40.273821411132815, "train/lr": 0.0009995556869196022, "train/num_steps": 150, "train/cosine_sim_text": 0.2683185517787933, "train/loss_nce_text": 5.944997501373291, "train/loss_mse_text": 2.4745720802457073e-05, "train/loss_mae_text": 0.0025124596804380417, "train/loss_rec": 0.5865925693511963, "train/loss_cyc": 0.1980649560689926, "val/loss": 34.26036262512207, "val/num_steps": 36, "val/cosine_sim_text": 0.27670929332574207, "val/loss_nce_text": 3.4817742904027305, "val/loss_mse_text": 2.4461941696548212e-05, "val/loss_mae_text": 0.0024549996790786586, "val/loss_rec": 0.26138541102409363, "val/loss_cyc": 0.0392389049132665, "_timestamp": 1721133808.670777, "_runtime": 126.69443798065186, "_step": 5}