{"train/loss": 1.2042360721632492, "train/lr": 0.0004390595188013875, "train/num_steps": 4042, "train/cosine_sim_image_fc": 0.7491558443668277, "train/cosine_sim_image_2": 0.6089087904885758, "train/cosine_sim_image_3": 0.6042135219241298, "train/cosine_sim_image_4": 0.5828631471755893, "train/loss_mse_image_fc": 1.9597200366132352e-05, "train/loss_mse_image_2": 2.0369334400362108e-05, "train/loss_mse_image_3": 2.0613880118363277e-05, "train/loss_mse_image_4": 2.172587870137609e-05, "train/loss_mae_image_fc": 0.0033405450670871625, "train/loss_mae_image_2": 0.00322507033774326, "train/loss_mae_image_3": 0.00326994817628157, "train/loss_mae_image_4": 0.0033802459649958237, "train/loss_clip_image_fc": 0.0, "train/loss_clip_image_2": 0.0, "train/loss_clip_image_3": 0.0, "train/loss_clip_image_4": 0.0, "train/loss_rec": 0.3649647346762724, "train/loss_cyc": 0.002992579662024455, "val/val_loss": 1.2498401403427124, "val/val_num_steps": 282, "val/val_cosine_sim_image_fc": 0.7327747543652853, "val/val_cosine_sim_image_2": 0.5729494790236155, "val/val_cosine_sim_image_3": 0.5683938562870026, "val/val_cosine_sim_image_4": 0.542164127031962, "val/val_loss_mse_image_fc": 2.0876971575489733e-05, "val/val_loss_mse_image_2": 2.224221558814558e-05, "val/val_loss_mse_image_3": 2.2479486384933505e-05, "val/val_loss_mse_image_4": 2.3845619277077883e-05, "val/val_loss_mae_image_fc": 0.003448840773974856, "val/val_loss_mae_image_2": 0.0033373211044818163, "val/val_loss_mae_image_3": 0.003384351458710929, "val/val_loss_mae_image_4": 0.0035143618006259203, "val/val_loss_clip_image_fc": 0.0, "val/val_loss_clip_image_2": 0.0, "val/val_loss_clip_image_3": 0.0, "val/val_loss_clip_image_4": 0.0, "val/val_loss_rec": 0.34065058330694836, "val/val_loss_cyc": 0.0010617495669672887, "_timestamp": 1723601778.0678055, "_runtime": 914.0614886283875, "_step": 46, "_wandb": {"runtime": 952}}