{"train/loss": 2.6247484462205755, "train/lr": 1.0000000000000002e-06, "train/num_steps": 6450, "train/cosine_sim_image": 0.6522349867709848, "train/loss_nce_image": 0.0, "train/loss_mse_image": 1.811276249713427e-05, "train/loss_mae_image": 0.002989916125485717, "train/loss_cos_image": 0.34776501322901526, "train/loss_rec": 0.4340223559113436, "train/loss_cyc": 0.0017856551431725885, "train/fwd_pct_correct": 0.995413601398468, "train/bwd_pct_correct": 0.6870969533920288, "val/loss": 2.884300152460734, "val/num_steps": 900, "val/cosine_sim_image": 0.6053746342658997, "val/loss_nce_image": 0.0, "val/loss_mse_image": 2.055340610240819e-05, "val/loss_mae_image": 0.003129052037062744, "val/loss_cos_image": 0.39462536573410034, "val/loss_rec": 0.40250330666701, "val/loss_cyc": 0.0005403658869909123, "val/fwd_pct_correct": 0.5800000429153442, "val/bwd_pct_correct": 0.3641666769981384, "_timestamp": 1721655575.393928, "_runtime": 2837.320270061493, "_step": 149, "_wandb": {"runtime": 2843}}