{"train/loss": 14.406234087262835, "train/lr": 0.000443212790753478, "train/num_steps": 3885, "train/cosine_sim_text": 0.829762669972011, "train/loss_nce_text": 0.25301994170461384, "train/loss_mse_text": 4.318116329419094e-06, "train/loss_mae_text": 0.0010594275613714543, "train/loss_rec": 0.4459824238504682, "train/loss_cyc": 0.15094507123742784, "val/loss": 64.06985982259114, "val/num_steps": 666, "val/cosine_sim_text": 0.7968973616758982, "val/loss_nce_text": 4.637542645136516, "val/loss_mse_text": 5.151751035252043e-06, "val/loss_mae_text": 0.001232863306843986, "val/loss_rec": 0.18007714301347733, "val/loss_cyc": 0.03300491037468115, "_timestamp": 1723894780.596055, "_runtime": 5408.861946105957, "_step": 110}