{"train/loss": 13.104625524476518, "train/lr": 0.0007366632663115687, "train/num_steps": 3010, "train/cosine_sim_image_fc": 0.7507775065510772, "train/cosine_sim_image_2": 0.600894900255425, "train/cosine_sim_image_3": 0.5974759085233822, "train/cosine_sim_image_4": 0.6063811113668043, "train/cosine_sim_image_5": 0.6014602281326471, "train/cosine_sim_image_6": 0.6127067125120829, "train/loss_mse_image_fc": 1.9470508092592015e-05, "train/loss_mse_image_2": 2.0786724933206516e-05, "train/loss_mse_image_3": 2.0964797523595545e-05, "train/loss_mse_image_4": 2.050098466793844e-05, "train/loss_mse_image_5": 2.0757280824825082e-05, "train/loss_mse_image_6": 2.0171525923001882e-05, "train/loss_mae_image_fc": 0.0033863434665511514, "train/loss_mae_image_2": 0.00328010339073317, "train/loss_mae_image_3": 0.003299554912806597, "train/loss_mae_image_4": 0.0033140052164103402, "train/loss_mae_image_5": 0.003374786895894727, "train/loss_mae_image_6": 0.003350056686200375, "train/loss_clip_image_fc": 0.050819629023587984, "train/loss_clip_image_2": 0.0, "train/loss_clip_image_3": 0.0, "train/loss_clip_image_4": 0.0, "train/loss_clip_image_5": 0.0, "train/loss_clip_image_6": 0.0, "train/loss_rec": 0.40226642267648566, "train/loss_cyc": 0.03110443930639777, "val/val_loss": 17.42590840657552, "val/val_num_steps": 420, "val/val_cosine_sim_image_fc": 0.709500789642334, "val/val_cosine_sim_image_2": 0.5482727487881979, "val/val_cosine_sim_image_3": 0.5441071192423502, "val/val_cosine_sim_image_4": 0.5381332039833069, "val/val_cosine_sim_image_5": 0.528308222691218, "val/val_cosine_sim_image_6": 0.5414991676807404, "val/val_loss_mse_image_fc": 2.2695251270003307e-05, "val/val_loss_mse_image_2": 2.352746165949308e-05, "val/val_loss_mse_image_3": 2.374442101427121e-05, "val/val_loss_mse_image_4": 2.4055561880231835e-05, "val/val_loss_mse_image_5": 2.4567280585567158e-05, "val/val_loss_mse_image_6": 2.3880253138486296e-05, "val/val_loss_mae_image_fc": 0.0036484620456273356, "val/val_loss_mae_image_2": 0.0034350442001596093, "val/val_loss_mae_image_3": 0.0034612039647375545, "val/val_loss_mae_image_4": 0.0035495877576371035, "val/val_loss_mae_image_5": 0.0036352737030635276, "val/val_loss_mae_image_6": 0.0036153552355244756, "val/val_loss_clip_image_fc": 2.4157363176345825, "val/val_loss_clip_image_2": 0.0, "val/val_loss_clip_image_3": 0.0, "val/val_loss_clip_image_4": 0.0, "val/val_loss_clip_image_5": 0.0, "val/val_loss_clip_image_6": 0.0, "val/val_loss_rec": 0.3708796501159668, "val/val_loss_cyc": 0.009726998706658682, "_timestamp": 1721808460.2693288, "_runtime": 1167.7061219215393, "_step": 69, "_wandb": {"runtime": 1168}}