{"train/loss": 35.21082109723773, "train/lr": 0.0005, "train/num_steps": 70, "train/cosine_sim_image_2": 0.2766263484954834, "train/cosine_sim_image_3": 0.26495856770447324, "train/cosine_sim_image_4": 0.23605390191078185, "train/cosine_sim_image_8": 0.18180416779858724, "train/cosine_sim_image_11": 0.3726015431540353, "train/loss_mse_image_2": 3.767571189590464e-05, "train/loss_mse_image_3": 3.828340902275938e-05, "train/loss_mse_image_4": 3.978886047012306e-05, "train/loss_mse_image_8": 0.004808395834905761, "train/loss_mse_image_11": 3.267700449214317e-05, "train/loss_mae_image_2": 0.004214734863489866, "train/loss_mae_image_3": 0.004292930795678071, "train/loss_mae_image_4": 0.004483899953109878, "train/loss_mae_image_8": 0.004808395834905761, "train/loss_mae_image_11": 0.004018402166132416, "train/loss_nce_image_2": 6.481261662074497, "train/loss_nce_image_3": 6.4315923282078336, "train/loss_nce_image_4": 6.351257051740374, "train/loss_nce_image_8": 6.275264208657401, "train/loss_nce_image_11": 6.458557687486921, "train/loss_rec": 0.7370942490441459, "train/loss_cyc": 0.2748531277690615, "val/val_loss": 25.998053232828777, "val/val_num_steps": 12, "val/val_cosine_sim_image_2": 0.2408151055375735, "val/val_cosine_sim_image_3": 0.2350983868042628, "val/val_cosine_sim_image_4": 0.22781812151273093, "val/val_cosine_sim_image_8": 0.1902835170427958, "val/val_cosine_sim_image_11": 0.3266117771466573, "val/val_loss_mse_image_2": 3.954088060709182e-05, "val/val_loss_mse_image_3": 3.983862855723904e-05, "val/val_loss_mse_image_4": 4.021780720601479e-05, "val/val_loss_mse_image_8": 4.217273393199624e-05, "val/val_loss_mse_image_11": 3.507230455094638e-05, "val/val_loss_mae_image_2": 0.004058068385347724, "val/val_loss_mae_image_3": 0.0040941018766413135, "val/val_loss_mae_image_4": 0.004258179649089773, "val/val_loss_mae_image_8": 0.004620395212744673, "val/val_loss_mae_image_11": 0.003985657822340727, "val/val_loss_nce_image_2": 4.705299615859985, "val/val_loss_nce_image_3": 4.648665984471639, "val/val_loss_nce_image_4": 4.564844926198323, "val/val_loss_nce_image_8": 4.505916277567546, "val/val_loss_nce_image_11": 4.725753307342529, "val/val_loss_rec": 0.6509939233462015, "val/val_loss_cyc": 0.07525396347045898, "_timestamp": 1725335961.5311458, "_runtime": 43.165294885635376, "_step": 1, "_wandb": {"runtime": 42}}