{"train/loss": 2.9583346178365306, "train/lr": 0.0011303271772291343, "train/num_steps": 4386, "train/cosine_sim_image": 0.6428639951140381, "train/loss_nce_image": 0.0, "train/loss_mse_image": 1.8600834664539434e-05, "train/loss_mae_image": 0.0030105097766229233, "train/loss_cos_image": 0.35713600488596187, "train/loss_rec": 0.435815345062766, "train/loss_cyc": 0.004248845721270109, "train/fwd_pct_correct": 0.9584922790527344, "train/bwd_pct_correct": 0.6533178687095642, "val/loss": 3.1243327856063843, "val/num_steps": 306, "val/cosine_sim_image": 0.6132567524909973, "val/loss_nce_image": 0.0, "val/loss_mse_image": 2.0142878990251727e-05, "val/loss_mae_image": 0.0031032837772121034, "val/loss_cos_image": 0.3867432475090027, "val/loss_rec": 0.4113341420888901, "val/loss_cyc": 0.0016391959312992792, "val/fwd_pct_correct": 0.6716667413711548, "val/bwd_pct_correct": 0.3958333432674408, "_timestamp": 1721650004.0126643, "_runtime": 684.7324903011322, "_step": 50, "_wandb": {"runtime": 690}}