{"train/loss": 65.46559480179188, "train/lr": 0.0003653744333887061, "train/num_steps": 7525, "train/cosine_sim_image": 0.6648554095002108, "train/loss_nce_image": 0.0014600495193261914, "train/loss_mse_image": 1.7455448721383894e-05, "train/loss_mae_image": 0.00296730762022699, "train/loss_cos_image": 0.33514459049978923, "train/loss_rec": 0.42985360705575276, "train/loss_cyc": 0.08660180537506591, "train/fwd_pct_correct": 0.9999418258666992, "train/bwd_pct_correct": 0.9996652603149414, "val/loss": 109.52419153849284, "val/num_steps": 1050, "val/cosine_sim_image": 0.5662698944409689, "val/loss_nce_image": 2.7775010665257773, "val/loss_mse_image": 2.259011034766445e-05, "val/loss_mae_image": 0.0032921402792756758, "val/loss_cos_image": 0.4337301055590312, "val/loss_rec": 0.3930774927139282, "val/loss_cyc": 0.02518143194417159, "val/fwd_pct_correct": 0.7158333659172058, "val/bwd_pct_correct": 0.5383333563804626, "_timestamp": 1721457969.0707765, "_runtime": 2387.108134508133, "_step": 174, "_wandb": {"runtime": 2405}}