{"train/loss": 2.3640090060788532, "train/lr": 0.0004991011733913604, "train/num_steps": 516, "train/cosine_sim_image": 0.5475381460300711, "train/loss_nce_image": 0.0, "train/loss_mse_image": 2.3565722564621125e-05, "train/loss_mae_image": 0.0, "train/loss_cos_image": 0.0, "train/loss_rec": 0.0, "train/loss_cyc": 0.007436753494318488, "train/fwd_pct_correct": 0.009685153141617775, "train/bwd_pct_correct": 0.0034997023176401854, "val/loss": 4.667536735534668, "val/num_steps": 36, "val/cosine_sim_image": 0.5546156466007233, "val/loss_nce_image": 0.0, "val/loss_mse_image": 2.3197103776813794e-05, "val/loss_mae_image": 0.0, "val/loss_cos_image": 0.0, "val/loss_rec": 2.343767603238424, "val/loss_cyc": 0.004058784727628033, "val/fwd_pct_correct": 0.03333333134651184, "val/bwd_pct_correct": 0.007499999366700649, "_timestamp": 1721732187.5252042, "_runtime": 83.61192107200623, "_step": 5, "_wandb": {"runtime": 86}}