{"train/loss": 33.56579714043196, "train/lr": 0.00013160127945941762, "train/num_steps": 6622, "train/cosine_sim_image": 0.6088530830172605, "train/loss_nce_image": 0.031489279597651125, "train/loss_mse_image": 2.037223644989819e-05, "train/loss_cos_image": 0.39114691698273946, "train/loss_rec": 0.4457499201214591, "train/loss_cyc": 0.05062982119446577, "train/fwd_pct_correct": 0.9988082051277161, "train/bwd_pct_correct": 0.9841455221176147, "val/loss": 39.672773361206055, "val/num_steps": 462, "val/cosine_sim_image": 0.564641684293747, "val/loss_nce_image": 2.19553279876709, "val/loss_mse_image": 2.267491345264716e-05, "val/loss_cos_image": 0.43535831570625305, "val/loss_rec": 0.40500954786936444, "val/loss_cyc": 0.013458048614362875, "val/fwd_pct_correct": 0.6416666507720947, "val/bwd_pct_correct": 0.5108333230018616, "_timestamp": 1721532347.9191675, "_runtime": 1271.8711524009705, "_step": 76}