{"train/loss": 36.656735387341726, "train/lr": 0.0004934916198673417, "train/num_steps": 1798, "train/cosine_sim_image": 0.6003889102360298, "train/loss_mse_image": 0.5015773475170135, "train/loss_mae_image": 0.5426588212621624, "train/loss_nce_image": 1.4286793809512566, "train/cosine_sim_image_token": 0.7173499588308663, "train/loss_mse_image_token": 0.5920689722587322, "train/loss_mae_image_token": 0.5969635289290856, "train/loss_nce_image_token": 1.7145548524527714, "train/loss_clip_image_token": 41.579281708289834, "train/loss_rec": 0.18575614973388868, "train/loss_cyc": 0.017015935483806092, "val/val_loss": 46.27363840738932, "val/val_num_steps": 186, "val/val_cosine_sim_image": 0.502748986085256, "val/val_loss_mse_image": 0.5858025550842285, "val/val_loss_mae_image": 0.5855790078639984, "val/val_loss_nce_image": 2.0119245251019797, "val/val_cosine_sim_image_token": 0.6356117824713389, "val/val_loss_mse_image_token": 0.7631998856862386, "val/val_loss_mae_image_token": 0.6786774694919586, "val/val_loss_nce_image_token": 2.198617935180664, "val/val_loss_clip_image_token": 2261.9914754231772, "val/val_loss_rec": 0.17300217598676682, "val/val_loss_cyc": 0.005489723834519585, "_timestamp": 1724980685.838041, "_runtime": 2409.776375055313, "_step": 30, "_wandb": {"runtime": 2421}}