{"train/loss": 13.195820398108904, "train/lr": 0.0004603927564413797, "train/num_steps": 3268, "train/cosine_sim_image_fc": 0.7529465694760167, "train/cosine_sim_image_2": 0.5859454696954682, "train/cosine_sim_image_3": 0.5819111348584641, "train/cosine_sim_image_4": 0.5856610612813816, "train/cosine_sim_image_5": 0.5786235124565834, "train/cosine_sim_image_6": 0.589500566554624, "train/loss_mse_image_fc": 1.9301050384075456e-05, "train/loss_mse_image_2": 2.156534144380076e-05, "train/loss_mse_image_3": 2.177546274503774e-05, "train/loss_mse_image_4": 2.1580154151347096e-05, "train/loss_mse_image_5": 2.1946693122181174e-05, "train/loss_mse_image_6": 2.138018033631027e-05, "train/loss_mae_image_fc": 0.0033173023825944507, "train/loss_mae_image_2": 0.0033181468187289875, "train/loss_mae_image_3": 0.0033407850721634403, "train/loss_mae_image_4": 0.0033749087394193506, "train/loss_mae_image_5": 0.0034441566825736056, "train/loss_mae_image_6": 0.003422523591515803, "train/loss_rec": 0.404431919372359, "train/loss_cyc": 0.016282657756968293, "val/val_loss": 14.36266009012858, "val/val_num_steps": 228, "val/val_cosine_sim_image_fc": 0.7339395185311636, "val/val_cosine_sim_image_2": 0.5523560047149658, "val/val_cosine_sim_image_3": 0.5483979086081187, "val/val_cosine_sim_image_4": 0.542809416850408, "val/val_cosine_sim_image_5": 0.5325706203778585, "val/val_cosine_sim_image_6": 0.5451894104480743, "val/val_loss_mse_image_fc": 2.0785976630577352e-05, "val/val_loss_mse_image_2": 2.3314792997553013e-05, "val/val_loss_mse_image_3": 2.3520942704635672e-05, "val/val_loss_mse_image_4": 2.3812010416198366e-05, "val/val_loss_mse_image_5": 2.4345282630141202e-05, "val/val_loss_mse_image_6": 2.3688051745314926e-05, "val/val_loss_mae_image_fc": 0.0034418810003747544, "val/val_loss_mae_image_2": 0.003410800010897219, "val/val_loss_mae_image_3": 0.0034371706812332072, "val/val_loss_mae_image_4": 0.0035172980666781464, "val/val_loss_mae_image_5": 0.0036020619639505944, "val/val_loss_mae_image_6": 0.0035833080376808843, "val/val_loss_rec": 0.3895024508237839, "val/val_loss_cyc": 0.005459805717691779, "_timestamp": 1721798422.0941517, "_runtime": 816.3611376285553, "_step": 37, "_wandb": {"runtime": 868}}