{"train/loss": 63.895680139231125, "train/lr": 0.0007428688764822692, "train/num_steps": 8858, "train/cosine_sim_image": 0.6624021128166554, "train/loss_nce_image": 0.01685672094179101, "train/loss_mse_image": 1.7583224795343148e-05, "train/loss_cos_image": 0.33759788718334466, "train/loss_rec": 0.5070914993452471, "train/loss_cyc": 0.08373043928728548, "train/fwd_pct_correct": 0.9997965097427368, "train/bwd_pct_correct": 0.9906107783317566, "val/loss": 79.43700536092122, "val/num_steps": 618, "val/cosine_sim_image": 0.590651681025823, "val/loss_nce_image": 3.125736355781555, "val/loss_mse_image": 2.1320225641829893e-05, "val/loss_mae_image": 0.0031336637136215964, "val/loss_cos_image": 0.40934831897417706, "val/loss_rec": 0.46426646411418915, "val/loss_cyc": 0.023392855189740658, "val/fwd_pct_correct": 0.6658333539962769, "val/bwd_pct_correct": 0.44333335757255554, "_timestamp": 1721536702.6549528, "_runtime": 1819.6791198253632, "_step": 102, "_wandb": {"runtime": 1831}}