{"train/loss": 28.8183521226395, "train/lr": 0.00028208481716665047, "train/num_steps": 7998, "train/cosine_sim_image_fc": 0.3539600767368494, "train/cosine_sim_image_2": 0.29642397303913914, "train/cosine_sim_image_3": 0.30342671171177266, "train/cosine_sim_image_4": 0.3511147384726724, "train/cosine_sim_image_5": 0.3519227279480113, "train/cosine_sim_image_6": 0.3387636559647183, "train/loss_mse_image_fc": 5.0471867938921246e-05, "train/loss_mse_image_2": 3.664458533823436e-05, "train/loss_mse_image_3": 3.627985934990859e-05, "train/loss_mse_image_4": 3.3796108508858894e-05, "train/loss_mse_image_5": 3.3754025639080833e-05, "train/loss_mse_image_6": 3.443939360379794e-05, "train/loss_mae_image_fc": 0.0053709522918473146, "train/loss_mae_image_2": 0.004563570450341632, "train/loss_mae_image_3": 0.004559773756840894, "train/loss_mae_image_4": 0.004461091872694534, "train/loss_mae_image_5": 0.004493677046496508, "train/loss_mae_image_6": 0.004549151129457493, "train/loss_clip_image_fc": 0.016262815052340198, "train/loss_clip_image_2": 0.010566283483058214, "train/loss_clip_image_3": 0.007654942222870886, "train/loss_clip_image_4": 0.006477183646110948, "train/loss_clip_image_5": 0.0065389316594011565, "train/loss_clip_image_6": 0.006890439639561052, "train/loss_rec": 0.45995518322600876, "train/loss_cyc": 0.3527551237926927, "val/val_loss": 466.1597086588542, "val/val_num_steps": 558, "val/val_cosine_sim_image_fc": 0.333645557363828, "val/val_cosine_sim_image_2": 0.27242233355840045, "val/val_cosine_sim_image_3": 0.27986065049966175, "val/val_cosine_sim_image_4": 0.326213871439298, "val/val_cosine_sim_image_5": 0.32713960111141205, "val/val_cosine_sim_image_6": 0.31607655187447864, "val/val_loss_mse_image_fc": 5.205894134026797e-05, "val/val_loss_mse_image_2": 3.7894671550020576e-05, "val/val_loss_mse_image_3": 3.750725833621497e-05, "val/val_loss_mse_image_4": 3.5093028297220975e-05, "val/val_loss_mse_image_5": 3.504481295143099e-05, "val/val_loss_mse_image_6": 3.5621011799473e-05, "val/val_loss_mae_image_fc": 0.0054633157172550755, "val/val_loss_mae_image_2": 0.004624600366999705, "val/val_loss_mae_image_3": 0.004621308452139298, "val/val_loss_mae_image_4": 0.004535860226800044, "val/val_loss_mae_image_5": 0.0045680860833575325, "val/val_loss_mae_image_6": 0.004617162514477968, "val/val_loss_clip_image_fc": 0.760228435198466, "val/val_loss_clip_image_2": 0.9918467501799265, "val/val_loss_clip_image_3": 0.814062257607778, "val/val_loss_clip_image_4": 0.672551433245341, "val/val_loss_clip_image_5": 0.6025051573912302, "val/val_loss_clip_image_6": 0.5816031793753306, "val/val_loss_rec": 0.4272698114315669, "val/val_loss_cyc": 0.10232307389378548, "_timestamp": 1721803184.8983924, "_runtime": 1799.972009420395, "_step": 92, "_wandb": {"runtime": 1808}}