{"train/loss": 25.71095826285226, "train/lr": 0.0004998756970825291, "train/num_steps": 245, "train/cosine_sim_text": 0.7581855790955679, "train/loss_nce_text": 6.193581662859235, "train/loss_mse_text": 6.133687501070589e-06, "train/loss_mae_text": 0.0012009154739124435, "train/loss_rec": 0.5932969008173261, "train/loss_cyc": 0.10797493585518428, "val/loss": 21.21892484029134, "val/num_steps": 42, "val/cosine_sim_text": 0.7621935109297434, "val/loss_nce_text": 4.312538146972656, "val/loss_mse_text": 6.032024202795583e-06, "val/loss_mae_text": 0.0011701981420628726, "val/loss_rec": 0.2619186341762543, "val/loss_cyc": 0.02674572045604388, "_timestamp": 1723879242.6006932, "_runtime": 344.35892128944397, "_step": 6}