{"train/loss": 8.819556672232492, "train/lr": 2.0000000000000002e-07, "train/num_steps": 17500, "train/cosine_sim_text": 0.907109694821494, "train/loss_nce_text": 0.034596404393336604, "train/loss_mse_text": 2.3561893223294255e-06, "train/loss_mae_text": 0.0007727625796438328, "train/loss_rec": 0.40710199390138896, "train/loss_cyc": 0.06864934584924152, "val/loss": 64.93580182393391, "val/num_steps": 3000, "val/cosine_sim_text": 0.8362573484579722, "val/loss_nce_text": 4.753767728805542, "val/loss_mse_text": 4.153375054253654e-06, "val/loss_mae_text": 0.00120579651168858, "val/loss_rec": 0.15987804532051086, "val/loss_cyc": 0.011177615728229284, "_timestamp": 1723930643.5445743, "_runtime": 35695.09615421295, "_step": 499, "_wandb": {"runtime": 35732}}