{"train/loss": 129.3225106375558, "train/lr": 0.00045373670003655877, "train/num_steps": 1435, "train/cosine_sim_image_2": 0.5305575149399894, "train/cosine_sim_image_3": 0.5120863352503096, "train/cosine_sim_image_4": 0.4730178390230451, "train/cosine_sim_image_8": 0.4492669378008161, "train/cosine_sim_image_11": 0.7584256546837943, "train/loss_mse_image_2": 0.01645891847355025, "train/loss_mse_image_3": 0.013289296201297216, "train/loss_mse_image_4": 0.013851432635315826, "train/loss_mse_image_8": 0.1672093208347048, "train/loss_mse_image_11": 0.15863991124289376, "train/loss_mae_image_2": 0.09313520640134812, "train/loss_mae_image_3": 0.08425221272877284, "train/loss_mae_image_4": 0.08692495971918106, "train/loss_mae_image_8": 0.1672093208347048, "train/loss_mae_image_11": 0.3032259609018053, "train/loss_nce_image_2": 6.115484591892788, "train/loss_nce_image_3": 6.007989202226911, "train/loss_nce_image_4": 5.802622890472412, "train/loss_nce_image_8": 5.771391201019287, "train/loss_nce_image_11": 6.611158657073974, "train/loss_rec": 0.5337145447731018, "train/loss_cyc": 0.003743125105808888, "val/val_loss": 121.46188735961914, "val/val_num_steps": 246, "val/val_cosine_sim_image_2": 0.5338251292705536, "val/val_cosine_sim_image_3": 0.5169695218404134, "val/val_cosine_sim_image_4": 0.4774327476819356, "val/val_cosine_sim_image_8": 0.44867411255836487, "val/val_cosine_sim_image_11": 0.7577304641405741, "val/val_loss_mse_image_2": 0.01633023067067067, "val/val_loss_mse_image_3": 0.013170732495685419, "val/val_loss_mse_image_4": 0.013753587380051613, "val/val_loss_mse_image_8": 0.047847808028260864, "val/val_loss_mse_image_11": 0.1587559456626574, "val/val_loss_mae_image_2": 0.09227969124913216, "val/val_loss_mae_image_3": 0.08346359431743622, "val/val_loss_mae_image_4": 0.08627180630962054, "val/val_loss_mae_image_8": 0.16709107408920923, "val/val_loss_mae_image_11": 0.3028160482645035, "val/val_loss_nce_image_2": 4.603996992111206, "val/val_loss_nce_image_3": 4.496785879135132, "val/val_loss_nce_image_4": 4.302254756291707, "val/val_loss_nce_image_8": 4.304105758666992, "val/val_loss_nce_image_11": 5.061068534851074, "val/val_loss_rec": 0.515216608842214, "val/val_loss_cyc": 0.0004107287240913138, "_timestamp": 1725280454.250985, "_runtime": 1104.2878789901733, "_step": 40, "_wandb": {"runtime": 1123}}