{"train/loss": 2.449099738257272, "train/lr": 0.0003628258343320095, "train/num_steps": 1890, "train/cosine_sim_image": 0.6250714455332075, "train/loss_nce_image": 0.0, "train/loss_mse_image": 1.952753248458196e-05, "train/loss_mae_image": 0.0030588563664683275, "train/loss_cos_image": 0.0, "train/loss_rec": 0.46198709096227375, "train/loss_cyc": 0.003770866717344948, "train/fwd_pct_correct": 0.660987377166748, "train/bwd_pct_correct": 0.13697919249534607, "val/loss": 2.4942897955576577, "val/num_steps": 324, "val/cosine_sim_image": 0.6106315155824026, "val/loss_nce_image": 0.0, "val/loss_mse_image": 2.0279609695232164e-05, "val/loss_mae_image": 0.0030964948624993363, "val/loss_cos_image": 0.0, "val/loss_rec": 0.4340810477733612, "val/loss_cyc": 0.0012829583526278536, "val/fwd_pct_correct": 0.512499988079071, "val/bwd_pct_correct": 0.20333334803581238, "_timestamp": 1721704080.0862892, "_runtime": 721.2851960659027, "_step": 53, "_wandb": {"runtime": 728}}