{"train/loss": 14.633018227510673, "train/lr": 0.0009750854877527318, "train/num_steps": 946, "train/cosine_sim_image_fc": 0.7354813037916671, "train/cosine_sim_image_2": 0.5580715537071228, "train/cosine_sim_image_3": 0.5531322609546573, "train/cosine_sim_image_4": 0.548457896986673, "train/cosine_sim_image_5": 0.5386648801870124, "train/cosine_sim_image_6": 0.5505323784295902, "train/loss_mse_image_fc": 2.0665524273279642e-05, "train/loss_mse_image_2": 2.3017107851892646e-05, "train/loss_mse_image_3": 2.3274362446986636e-05, "train/loss_mse_image_4": 2.3517819034506912e-05, "train/loss_mse_image_5": 2.402787127763542e-05, "train/loss_mse_image_6": 2.340977309443609e-05, "train/loss_mae_image_fc": 0.003417323619603764, "train/loss_mae_image_2": 0.003395410335817656, "train/loss_mae_image_3": 0.003423785958655698, "train/loss_mae_image_4": 0.0034888353047156056, "train/loss_mae_image_5": 0.00356745301355976, "train/loss_mae_image_6": 0.0035459482663332724, "train/loss_clip_image_fc": 0.0, "train/loss_clip_image_2": 0.0, "train/loss_clip_image_3": 0.0, "train/loss_clip_image_4": 0.0, "train/loss_clip_image_5": 0.0, "train/loss_clip_image_6": 0.0, "train/loss_rec": 0.462210871452509, "train/loss_cyc": 0.020407796685778818, "val/val_loss": 14.942380905151367, "val/val_num_steps": 132, "val/val_cosine_sim_image_fc": 0.7297554512818655, "val/val_cosine_sim_image_2": 0.5492284297943115, "val/val_cosine_sim_image_3": 0.5443274776140848, "val/val_cosine_sim_image_4": 0.5365698436896006, "val/val_cosine_sim_image_5": 0.5250125626722971, "val/val_cosine_sim_image_6": 0.536835104227066, "val/val_loss_mse_image_fc": 2.1112855089692555e-05, "val/val_loss_mse_image_2": 2.3477685620794848e-05, "val/val_loss_mse_image_3": 2.373294501012424e-05, "val/val_loss_mse_image_4": 2.4136988334551763e-05, "val/val_loss_mse_image_5": 2.4738929823797662e-05, "val/val_loss_mse_image_6": 2.4123173110031832e-05, "val/val_loss_mae_image_fc": 0.0034508026437833905, "val/val_loss_mae_image_2": 0.003412836192486187, "val/val_loss_mae_image_3": 0.003440799928891162, "val/val_loss_mae_image_4": 0.003523825745408734, "val/val_loss_mae_image_5": 0.0036105844968309007, "val/val_loss_mae_image_6": 0.0035922780710582933, "val/val_loss_clip_image_fc": 0.0, "val/val_loss_clip_image_2": 0.0, "val/val_loss_clip_image_3": 0.0, "val/val_loss_clip_image_4": 0.0, "val/val_loss_clip_image_5": 0.0, "val/val_loss_clip_image_6": 0.0, "val/val_loss_rec": 0.44052443901697796, "val/val_loss_cyc": 0.006937492328385512, "_timestamp": 1721808935.1775777, "_runtime": 367.732284784317, "_step": 21, "_wandb": {"runtime": 371}}