{"train/loss": 869.3118853901708, "train/lr": 0.00038579466789474636, "train/num_steps": 4214, "train/cosine_sim_image": 0.5898419507714205, "train/loss_nce_image": 0.0, "train/loss_mse_image": 0.00868778434300492, "train/loss_mae_image": 0.0, "train/loss_cos_image": 0.0, "train/loss_rec": 0.521255834851154, "train/loss_cyc": 0.012197219062769828, "train/fwd_pct_correct": 0.3939308822154999, "train/bwd_pct_correct": 0.07273946702480316, "val/loss": 908.7276611328125, "val/num_steps": 294, "val/cosine_sim_image": 0.572780191898346, "val/loss_nce_image": 0.0, "val/loss_mse_image": 0.009082421039541563, "val/loss_mae_image": 0.0, "val/loss_cos_image": 0.0, "val/loss_rec": 0.48259473343690235, "val/loss_cyc": 0.0029588588319408395, "val/fwd_pct_correct": 0.30666667222976685, "val/bwd_pct_correct": 0.11833333224058151, "_timestamp": 1721726636.7247572, "_runtime": 1187.9634501934052, "_step": 48, "_wandb": {"runtime": 1216}}