{"train/loss": 12.686840057373047, "train/lr": 0.00024258388059223215, "train/num_steps": 4429, "train/cosine_sim_image_fc": 0.7597358670345572, "train/cosine_sim_image_2": 0.6112305882365204, "train/cosine_sim_image_3": 0.6079977002254752, "train/cosine_sim_image_4": 0.619246291559796, "train/cosine_sim_image_5": 0.6145293934400692, "train/cosine_sim_image_6": 0.6247778063596681, "train/loss_mse_image_fc": 1.877063694464173e-05, "train/loss_mse_image_2": 2.0248408217475814e-05, "train/loss_mse_image_3": 2.0416788090166614e-05, "train/loss_mse_image_4": 1.983092332984386e-05, "train/loss_mse_image_5": 2.0076595023436863e-05, "train/loss_mse_image_6": 1.9542823877621463e-05, "train/loss_mae_image_fc": 0.003315213688670896, "train/loss_mae_image_2": 0.003246406856707709, "train/loss_mae_image_3": 0.0032647229070493647, "train/loss_mae_image_4": 0.0032680836603651907, "train/loss_mae_image_5": 0.00332733474910086, "train/loss_mae_image_6": 0.0033046929003280956, "train/loss_clip_image_fc": 0.03264786125442316, "train/loss_clip_image_2": 0.0, "train/loss_clip_image_3": 0.0, "train/loss_clip_image_4": 0.0, "train/loss_clip_image_5": 0.0, "train/loss_clip_image_6": 0.0, "train/loss_rec": 0.38967700891716534, "train/loss_cyc": 0.02796505105703376, "val/val_loss": 17.764641443888348, "val/val_num_steps": 618, "val/val_cosine_sim_image_fc": 0.7138704061508179, "val/val_cosine_sim_image_2": 0.5456552604834238, "val/val_cosine_sim_image_3": 0.5418320794900259, "val/val_cosine_sim_image_4": 0.5350106557210287, "val/val_cosine_sim_image_5": 0.5249972939491272, "val/val_cosine_sim_image_6": 0.5384687383969625, "val/val_loss_mse_image_fc": 2.2353874555847142e-05, "val/val_loss_mse_image_2": 2.366379006465043e-05, "val/val_loss_mse_image_3": 2.3862912712502293e-05, "val/val_loss_mse_image_4": 2.421819651014327e-05, "val/val_loss_mse_image_5": 2.4739725328496814e-05, "val/val_loss_mse_image_6": 2.403808684903197e-05, "val/val_loss_mae_image_fc": 0.00360819639172405, "val/val_loss_mae_image_2": 0.0034398383383328715, "val/val_loss_mae_image_3": 0.003465455141849816, "val/val_loss_mae_image_4": 0.0035598823645462594, "val/val_loss_mae_image_5": 0.0036474858643487096, "val/val_loss_mae_image_6": 0.003627405734732747, "val/val_loss_clip_image_fc": 2.7363309462865195, "val/val_loss_clip_image_2": 0.0, "val/val_loss_clip_image_3": 0.0, "val/val_loss_clip_image_4": 0.0, "val/val_loss_clip_image_5": 0.0, "val/val_loss_clip_image_6": 0.0, "val/val_loss_rec": 0.35498757660388947, "val/val_loss_cyc": 0.007104962443312009, "_timestamp": 1721807148.0266345, "_runtime": 1712.2035565376282, "_step": 102, "_wandb": {"runtime": 1723}}