{"train/loss": 37.338655833540294, "train/lr": 0.0002496599267574906, "train/num_steps": 522, "train/cosine_sim_text": 0.28305344848797237, "train/loss_nce_text": 4.7761646139210665, "train/loss_mse_text": 2.4247382027859766e-05, "train/loss_mae_text": 0.002469272962931929, "train/loss_rec": 0.5501594039900549, "train/loss_cyc": 0.11869908381125023, "val/loss": 33.26811536153158, "val/num_steps": 54, "val/cosine_sim_text": 0.2946576774120331, "val/loss_nce_text": 3.251032511393229, "val/loss_mse_text": 2.3854921588887617e-05, "val/loss_mae_text": 0.002410063714099427, "val/loss_rec": 0.24710825582345328, "val/loss_cyc": 0.03281247274329265, "_timestamp": 1721129927.6658487, "_runtime": 463.62229084968567, "_step": 8, "_wandb": {"runtime": 498}}