{"train/loss": 2.6440381726553275, "train/lr": 0.0004874591445424977, "train/num_steps": 1462, "train/cosine_sim_image": 0.5831039062766141, "train/loss_nce_image": 0.0, "train/loss_mse_image": 2.1713339011448837e-05, "train/loss_mae_image": 0.0033497521301818103, "train/loss_cos_image": 0.0, "train/loss_rec": 0.42929436612960903, "train/loss_cyc": 0.009912403554893857, "train/fwd_pct_correct": 0.7255533337593079, "train/bwd_pct_correct": 0.21010099351406097, "val/loss": 2.677070220311483, "val/num_steps": 102, "val/cosine_sim_image": 0.5715593993663788, "val/loss_nce_image": 0.0, "val/loss_mse_image": 2.2314615004385512e-05, "val/loss_mae_image": 0.0033866355273251734, "val/loss_cos_image": 0.0, "val/loss_rec": 0.4081651618083318, "val/loss_cyc": 0.00357727970307072, "val/fwd_pct_correct": 0.6000000238418579, "val/bwd_pct_correct": 0.17166666686534882, "_timestamp": 1721725066.3973176, "_runtime": 246.55073976516724, "_step": 16, "_wandb": {"runtime": 258}}