{"train/loss": 71.78998663259107, "train/lr": 0.0002641840043969808, "train/num_steps": 5934, "train/cosine_sim_image": 0.6111002460468647, "train/loss_nce_image": 0.0800609446325621, "train/loss_mse_image": 2.025519655902361e-05, "train/loss_cos_image": 0.3888997539531353, "train/loss_rec": 0.47949393994586414, "train/loss_cyc": 0.09700883465797402, "train/fwd_pct_correct": 0.9989244341850281, "train/bwd_pct_correct": 0.9516178369522095, "val/loss": 83.99015935262044, "val/num_steps": 414, "val/cosine_sim_image": 0.5606357951958975, "val/loss_nce_image": 2.941970944404602, "val/loss_mse_image": 2.2883553053058375e-05, "val/loss_mae_image": 0.0033254093723371625, "val/loss_cos_image": 0.4393642048041026, "val/loss_rec": 0.42946427563826245, "val/loss_cyc": 0.02856866642832756, "val/fwd_pct_correct": 0.6341667175292969, "val/bwd_pct_correct": 0.414166659116745, "_timestamp": 1721537734.463102, "_runtime": 907.3516101837158, "_step": 68, "_wandb": {"runtime": 920}}