{"train/loss": 2.6799286742543065, "train/lr": 0.0002240690334390057, "train/num_steps": 3483, "train/cosine_sim_image": 0.6452098031376683, "train/loss_nce_image": 0.0, "train/loss_mse_image": 1.8478657376511175e-05, "train/loss_mae_image": 0.0029989180241733098, "train/loss_cos_image": 0.35479019686233165, "train/loss_rec": 0.4448449299779049, "train/loss_cyc": 0.002438623089949752, "train/fwd_pct_correct": 0.9617031216621399, "train/bwd_pct_correct": 0.4433045983314514, "val/loss": 2.8530718088150024, "val/num_steps": 486, "val/cosine_sim_image": 0.6121961077054342, "val/loss_nce_image": 0.0, "val/loss_mse_image": 2.0198121698437415e-05, "val/loss_mae_image": 0.0030930901799971857, "val/loss_cos_image": 0.38780389229456586, "val/loss_rec": 0.413767342766126, "val/loss_cyc": 0.0007574433208598444, "val/fwd_pct_correct": 0.5866666436195374, "val/bwd_pct_correct": 0.31833332777023315, "_timestamp": 1721695955.2693162, "_runtime": 1099.8877851963043, "_step": 80, "_wandb": {"runtime": 1109}}