{"train/loss": 13.238682757976443, "train/lr": 0.0004645668616021268, "train/num_steps": 3096, "train/cosine_sim_image_fc": 0.7528632082218347, "train/cosine_sim_image_2": 0.5850484281085259, "train/cosine_sim_image_3": 0.5809361775254094, "train/cosine_sim_image_4": 0.5842353057029636, "train/cosine_sim_image_5": 0.576777225316957, "train/cosine_sim_image_6": 0.5872650167276693, "train/loss_mse_image_fc": 1.930756289491614e-05, "train/loss_mse_image_2": 2.161206229238603e-05, "train/loss_mse_image_3": 2.1826241907039604e-05, "train/loss_mse_image_4": 2.1654412447851215e-05, "train/loss_mse_image_5": 2.2042854229661064e-05, "train/loss_mse_image_6": 2.1496614905583217e-05, "train/loss_mae_image_fc": 0.0033176599211211123, "train/loss_mae_image_2": 0.00332217501898751, "train/loss_mae_image_3": 0.003345104121213216, "train/loss_mae_image_4": 0.003381074996405216, "train/loss_mae_image_5": 0.0034515369672674773, "train/loss_mae_image_6": 0.003431271333897183, "train/loss_rec": 0.40725179744321244, "train/loss_cyc": 0.017207187253895195, "val/val_loss": 14.347762902577719, "val/val_num_steps": 216, "val/val_cosine_sim_image_fc": 0.7341187298297882, "val/val_cosine_sim_image_2": 0.553077389796575, "val/val_cosine_sim_image_3": 0.5486509601275126, "val/val_cosine_sim_image_4": 0.5430488189061483, "val/val_cosine_sim_image_5": 0.5326086978117625, "val/val_cosine_sim_image_6": 0.5449417928854624, "val/val_loss_mse_image_fc": 2.0771977991292562e-05, "val/val_loss_mse_image_2": 2.3277220558763172e-05, "val/val_loss_mse_image_3": 2.350776352007718e-05, "val/val_loss_mse_image_4": 2.379954094067216e-05, "val/val_loss_mse_image_5": 2.4343297203207232e-05, "val/val_loss_mse_image_6": 2.370094959284567e-05, "val/val_loss_mae_image_fc": 0.003441615689856311, "val/val_loss_mae_image_2": 0.003408829060693582, "val/val_loss_mae_image_3": 0.003435649637443324, "val/val_loss_mae_image_4": 0.003515811093772451, "val/val_loss_mae_image_5": 0.003600768589725097, "val/val_loss_mae_image_6": 0.003581136465072632, "val/val_loss_rec": 0.3808048516511917, "val/val_loss_cyc": 0.005898900097236037, "_timestamp": 1721799778.200863, "_runtime": 936.6016068458557, "_step": 35, "_wandb": {"runtime": 991}}