{"train/loss": 35.85798804704533, "train/lr": 0.00178725458556308, "train/num_steps": 5762, "train/cosine_sim_image": 0.5969666817853617, "train/loss_nce_image": 0.0, "train/loss_mse_image": 2.099131999657825e-05, "train/loss_mae_image": 0.002917923404142087, "train/loss_cos_image": 0.4030333182146383, "train/loss_rec": 0.5447656578102777, "train/loss_cyc": 0.004523054022493578, "train/fwd_pct_correct": 0.8569344878196716, "train/bwd_pct_correct": 0.41436833143234253, "val/loss": 37.419020334879555, "val/num_steps": 402, "val/cosine_sim_image": 0.5626938839753469, "val/loss_nce_image": 0.0, "val/loss_mse_image": 2.277636122016702e-05, "val/loss_mae_image": 0.0030236249634375176, "val/loss_cos_image": 0.43730611602465314, "val/loss_rec": 0.5306393106778463, "val/loss_cyc": 0.0014346067716057103, "val/fwd_pct_correct": 0.36916667222976685, "val/bwd_pct_correct": 0.17999999225139618, "_timestamp": 1721547595.401632, "_runtime": 872.1053221225739, "_step": 66, "_wandb": {"runtime": 884}}