{"train/loss": 31.90178223543389, "train/lr": 0.0002930471099228393, "train/num_steps": 1333, "train/cosine_sim_text": 0.3711663151896277, "train/loss_nce_text": 3.0843650795692623, "train/loss_mse_text": 2.1267372493491355e-05, "train/loss_mae_text": 0.0022994863779045817, "train/loss_rec": 0.47334494840267094, "train/loss_cyc": 0.13810562377059182, "val/loss": 31.383769989013672, "val/num_steps": 186, "val/cosine_sim_text": 0.3679683953523636, "val/loss_nce_text": 3.0743035475413003, "val/loss_mse_text": 2.1375527467171196e-05, "val/loss_mae_text": 0.002287347801029682, "val/loss_rec": 0.19347294668356577, "val/loss_cyc": 0.0306588572760423, "_timestamp": 1721116631.2934873, "_runtime": 1685.4959564208984, "_step": 30}