{"train/loss": 21.117947714669363, "train/lr": 0.0009553515634235336, "train/num_steps": 1960, "train/cosine_sim_image": 0.6246209229741778, "train/loss_mse_image": 0.47766577686582296, "train/loss_mae_image": 0.5282158357756478, "train/loss_nce_image": 6.0896241733006065, "train/loss_rec": 0.18051326870918274, "train/loss_cyc": 0.012336573403860842, "val/val_loss": 22.080642700195312, "val/val_num_steps": 336, "val/val_cosine_sim_image": 0.5232741832733154, "val/val_loss_mse_image": 0.5685621003309885, "val/val_loss_mae_image": 0.5769307315349579, "val/val_loss_nce_image": 4.765569527943929, "val/val_loss_rec": 0.1703662946820259, "val/val_loss_cyc": 0.00415755210754772, "_timestamp": 1724842766.015482, "_runtime": 3931.461349964142, "_step": 55, "_wandb": {"runtime": 3961}}