{"train/loss": 56.48270833215048, "train/lr": 0.00015333903768588529, "train/num_steps": 43, "train/cosine_sim_text": 0.15587319128031216, "train/loss_nce_text": 6.839737958686296, "train/loss_mse_text": 2.8548659535116776e-05, "train/loss_mae_text": 0.003796008399276193, "train/loss_rec": 1.0783028519430826, "train/loss_cyc": 0.9099796435167623, "val/loss": 45.01204617818197, "val/num_steps": 6, "val/cosine_sim_text": 0.2553778539101283, "val/loss_nce_text": 5.205943822860718, "val/loss_mse_text": 2.5183377450351447e-05, "val/loss_mae_text": 0.0031620614075412354, "val/loss_rec": 0.4183552910884221, "val/loss_cyc": 0.04285118170082569, "_timestamp": 1721110309.5995834, "_runtime": 137.2962954044342, "_step": 0, "_wandb": {"runtime": 143}}