{"train/loss": 20.21312806265695, "train/lr": 0.0009083714849857852, "train/num_steps": 2800, "train/cosine_sim_image": 0.40097171493938993, "train/loss_mse_image": 0.6618188057626997, "train/loss_mae_image": 0.6210941621235438, "train/loss_nce_image": 55755.32433035714, "train/loss_rec": 0.20406451565878733, "train/loss_cyc": 0.004192395361938647, "val/val_loss": 20.149098714192707, "val/val_num_steps": 480, "val/val_cosine_sim_image": 0.40228674312432605, "val/val_loss_mse_image": 0.6608889400959015, "val/val_loss_mae_image": 0.6205239693323771, "val/val_loss_nce_image": 52632.594401041664, "val/val_loss_rec": 0.19842948764562607, "val/val_loss_cyc": 0.0013239639811217785, "_timestamp": 1724589362.3218448, "_runtime": 5655.177878856659, "_step": 79, "_wandb": {"runtime": 5656}}