{"train/loss": 2.305991810421611, "train/lr": 0.0002240690334390057, "train/num_steps": 3483, "train/cosine_sim_image": 0.6426203292469646, "train/loss_nce_image": 0.0, "train/loss_mse_image": 1.8613526218930846e-05, "train/loss_mae_image": 0.0, "train/loss_cos_image": 0.0, "train/loss_rec": 0.44232665383538533, "train/loss_cyc": 0.002312524022187951, "train/fwd_pct_correct": 0.9371458292007446, "train/bwd_pct_correct": 0.38258469104766846, "val/loss": 2.4319170316060386, "val/num_steps": 486, "val/cosine_sim_image": 0.6122144460678101, "val/loss_nce_image": 0.0, "val/loss_mse_image": 2.0197162787856843e-05, "val/loss_mae_image": 0.0, "val/loss_cos_image": 0.0, "val/loss_rec": 0.4114704132080078, "val/loss_cyc": 0.0007304232276510447, "val/fwd_pct_correct": 0.550000011920929, "val/bwd_pct_correct": 0.29500001668930054, "_timestamp": 1721705304.6203249, "_runtime": 1159.0083668231964, "_step": 80, "_wandb": {"runtime": 1168}}