{"train/loss": 17.328414118567178, "train/lr": 0.00042551798448272715, "train/num_steps": 4472, "train/cosine_sim_image": 0.3258092885100564, "train/fwd_percent_correct": 0.2579612135887146, "train/bwd_percent_correct": 0.2579612135887146, "train/loss_mse_image": 0.8954836393511573, "train/loss_mae_image": 0.7396186437717703, "train/loss_nce_image": 48115.72338299418, "train/loss_rec": 0.48303676517896876, "train/loss_cyc": 0.013197328635426454, "val/val_loss": 17.585631370544434, "val/val_num_steps": 312, "val/val_cosine_sim_image": 0.33249087631702423, "val/val_fwd_percent_correct": 0.2291666567325592, "val/val_bwd_percent_correct": 0.2291666567325592, "val/val_loss_mse_image": 0.8926237225532532, "val/val_loss_mae_image": 0.7384727696577708, "val/val_loss_nce_image": 80719.09375, "val/val_loss_rec": 0.4631162037452062, "val/val_loss_cyc": 0.004359090079863866, "_timestamp": 1724252903.0167916, "_runtime": 12448.53806066513, "_step": 51}