{"train/loss": 31.75601648729901, "train/lr": 0.00025779540458126563, "train/num_steps": 86, "train/cosine_sim_image": 0.07008855949530952, "train/fwd_percent_correct": 0.002781827701255679, "train/bwd_percent_correct": 0.002781827701255679, "train/loss_mse_image": 1.6226889851481416, "train/loss_mae_image": 1.0028918808282807, "train/loss_nce_image": 408994.8829941861, "train/loss_rec": 0.9396361084871514, "train/loss_cyc": 0.47062307890764504, "val/val_loss": 34.40358543395996, "val/val_num_steps": 6, "val/val_cosine_sim_image": 0.07691896334290504, "val/val_fwd_percent_correct": 0.00833333283662796, "val/val_bwd_percent_correct": 0.00833333283662796, "val/val_loss_mse_image": 1.7318476438522339, "val/val_loss_mae_image": 1.0404535333315532, "val/val_loss_nce_image": 592138.9270833334, "val/val_loss_rec": 0.6994998157024384, "val/val_loss_cyc": 0.059684046233693756, "_timestamp": 1724239602.8094337, "_runtime": 212.55845165252686, "_step": 0, "_wandb": {"runtime": 384}}