{"train/loss": 8.676975316779558, "train/lr": 0.0004625064947724039, "train/num_steps": 3182, "train/cosine_sim_image_fc": 0.7491845835086911, "train/cosine_sim_image_2": 0.6067086063152136, "train/cosine_sim_image_3": 0.6022374096304871, "train/cosine_sim_image_4": 0.5811350886211839, "train/cosine_sim_image_5": 0.0, "train/cosine_sim_image_6": 0.0, "train/loss_mse_image_fc": 1.9594954908317833e-05, "train/loss_mse_image_2": 2.048392760243164e-05, "train/loss_mse_image_3": 2.07168024940603e-05, "train/loss_mse_image_4": 2.1815881916344827e-05, "train/loss_mse_image_5": 0.0, "train/loss_mse_image_6": 0.0, "train/loss_mae_image_fc": 0.0, "train/loss_mae_image_2": 0.0, "train/loss_mae_image_3": 0.0, "train/loss_mae_image_4": 0.0, "train/loss_mae_image_5": 0.0, "train/loss_mae_image_6": 0.0, "train/loss_clip_image_fc": 0.0, "train/loss_clip_image_2": 0.0, "train/loss_clip_image_3": 0.0, "train/loss_clip_image_4": 0.0, "train/loss_clip_image_5": 0.0, "train/loss_clip_image_6": 0.0, "train/loss_rec": 0.40301991479341376, "train/loss_cyc": 0.01279883326009609, "val/val_loss": 9.33551057179769, "val/val_num_steps": 222, "val/val_cosine_sim_image_fc": 0.7329119145870209, "val/val_cosine_sim_image_2": 0.5725403328736623, "val/val_cosine_sim_image_3": 0.5679991245269775, "val/val_cosine_sim_image_4": 0.5417807499567667, "val/val_cosine_sim_image_5": 0.0, "val/val_cosine_sim_image_6": 0.0, "val/val_loss_mse_image_fc": 2.0866256212078344e-05, "val/val_loss_mse_image_2": 2.226352535217302e-05, "val/val_loss_mse_image_3": 2.2500047634821385e-05, "val/val_loss_mse_image_4": 2.3865586930090405e-05, "val/val_loss_mse_image_5": 0.0, "val/val_loss_mse_image_6": 0.0, "val/val_loss_mae_image_fc": 0.0, "val/val_loss_mae_image_2": 0.0, "val/val_loss_mae_image_3": 0.0, "val/val_loss_mae_image_4": 0.0, "val/val_loss_mae_image_5": 0.0, "val/val_loss_mae_image_6": 0.0, "val/val_loss_clip_image_fc": 0.0, "val/val_loss_clip_image_2": 0.0, "val/val_loss_clip_image_3": 0.0, "val/val_loss_clip_image_4": 0.0, "val/val_loss_clip_image_5": 0.0, "val/val_loss_clip_image_6": 0.0, "val/val_loss_rec": 0.3805963744719823, "val/val_loss_cyc": 0.005372755811549723, "_timestamp": 1723453876.907428, "_runtime": 774.9636859893799, "_step": 36, "_wandb": {"runtime": 829}}