{"train/loss": 16.881409001904863, "train/lr": 0.00041087550861679153, "train/num_steps": 4902, "train/cosine_sim_image": 0.35514798344567766, "train/fwd_percent_correct": 0.3851660192012787, "train/bwd_percent_correct": 0.3851660192012787, "train/loss_mse_image": 0.8731932383637095, "train/loss_mae_image": 0.7312805451626001, "train/loss_nce_image": 35935.92217023983, "train/loss_rec": 0.4628927652225938, "train/loss_cyc": 0.014419083310247854, "val/val_loss": 17.7567351659139, "val/val_num_steps": 342, "val/val_cosine_sim_image": 0.35334210594495136, "val/val_fwd_percent_correct": 0.2358333319425583, "val/val_bwd_percent_correct": 0.2358333319425583, "val/val_loss_mse_image": 0.8745013376077017, "val/val_loss_mae_image": 0.7319226463635763, "val/val_loss_nce_image": 123613.57291666667, "val/val_loss_rec": 0.4520048101743062, "val/val_loss_cyc": 0.004355468166371186, "_timestamp": 1724303056.4681532, "_runtime": 13715.107303142548, "_step": 56}