{"train/loss": 2.755315669747286, "train/lr": 0.0004875427438763659, "train/num_steps": 1892, "train/cosine_sim_image_fc": 0.008619273124739181, "train/cosine_sim_image_2": 0.0067640085553014005, "train/cosine_sim_image_3": 0.006723236205965974, "train/cosine_sim_image_4": 0.006454465001128441, "train/cosine_sim_image_5": 0.006365050410115441, "train/cosine_sim_image_6": 0.006517291069030762, "train/cosine_sim_image_7": 0.006085220464440279, "train/cosine_sim_image_8": 0.006026649890944015, "train/cosine_sim_image_9": 0.006330842888632486, "train/cosine_sim_image_10": 0.006608418253965156, "train/loss_mse_image_fc": 2.0180289306323218e-05, "train/loss_mse_image_2": 2.1753601665063057e-05, "train/loss_mse_image_3": 2.1957817173029598e-05, "train/loss_mse_image_4": 2.318884997843862e-05, "train/loss_mse_image_5": 2.359792146900111e-05, "train/loss_mse_image_6": 2.2899718080521398e-05, "train/loss_mse_image_7": 2.4843668037393337e-05, "train/loss_mse_image_8": 2.506466065570685e-05, "train/loss_mse_image_9": 2.367019074289453e-05, "train/loss_mse_image_10": 2.2446680347012832e-05, "train/loss_mae_image_fc": 0.0033877145493576345, "train/loss_mae_image_2": 0.0033079116621466224, "train/loss_mae_image_3": 0.003352482892507904, "train/loss_mae_image_4": 0.003467736392130339, "train/loss_mae_image_5": 0.003540540674463088, "train/loss_mae_image_6": 0.003513784342726996, "train/loss_mae_image_7": 0.0036518140262815843, "train/loss_mae_image_8": 0.003693958535942054, "train/loss_mae_image_9": 0.0035656925160870994, "train/loss_mae_image_10": 0.0034318845854465698, "train/loss_clip_image_fc": 0.0, "train/loss_clip_image_2": 0.0, "train/loss_clip_image_3": 0.0, "train/loss_clip_image_4": 0.0, "train/loss_clip_image_5": 0.0, "train/loss_clip_image_6": 0.0, "train/loss_clip_image_7": 0.0, "train/loss_clip_image_8": 0.0, "train/loss_clip_image_9": 0.0, "train/loss_clip_image_10": 0.0, "train/loss_rec": 0.416065156806347, "train/loss_cyc": 0.008303002622195108, "val/val_loss": 2.8170432647069297, "val/val_num_steps": 132, "val/val_cosine_sim_image_fc": 0.12128796180089314, "val/val_cosine_sim_image_2": 0.0942631463209788, "val/val_cosine_sim_image_3": 0.09331219395001729, "val/val_cosine_sim_image_4": 0.08865301807721455, "val/val_cosine_sim_image_5": 0.08677057425181071, "val/val_cosine_sim_image_6": 0.08865126967430115, "val/val_cosine_sim_image_7": 0.0809699793656667, "val/val_cosine_sim_image_8": 0.07998785376548767, "val/val_cosine_sim_image_9": 0.08534973859786987, "val/val_cosine_sim_image_10": 0.09046531716982524, "val/val_loss_mse_image_fc": 2.0864705220446922e-05, "val/val_loss_mse_image_2": 2.2286422184455052e-05, "val/val_loss_mse_image_3": 2.2528349897280957e-05, "val/val_loss_mse_image_4": 2.3924288446626935e-05, "val/val_loss_mse_image_5": 2.447654969728319e-05, "val/val_loss_mse_image_6": 2.3824393186563004e-05, "val/val_loss_mse_image_7": 2.6060917358942486e-05, "val/val_loss_mse_image_8": 2.6346361058434315e-05, "val/val_loss_mse_image_9": 2.4790507571500104e-05, "val/val_loss_mse_image_10": 2.3379362573905382e-05, "val/val_loss_mae_image_fc": 0.0034448748532061777, "val/val_loss_mae_image_2": 0.0033370564924553037, "val/val_loss_mae_image_3": 0.003385218131976823, "val/val_loss_mae_image_4": 0.003512249211780727, "val/val_loss_mae_image_5": 0.0035963572251300016, "val/val_loss_mae_image_6": 0.0035770649944121637, "val/val_loss_mae_image_7": 0.0037326484840984144, "val/val_loss_mae_image_8": 0.003783073159866035, "val/val_loss_mae_image_9": 0.003644899659169217, "val/val_loss_mae_image_10": 0.003497927876499792, "val/val_loss_clip_image_fc": 0.0, "val/val_loss_clip_image_2": 0.0, "val/val_loss_clip_image_3": 0.0, "val/val_loss_clip_image_4": 0.0, "val/val_loss_clip_image_5": 0.0, "val/val_loss_clip_image_6": 0.0, "val/val_loss_clip_image_7": 0.0, "val/val_loss_clip_image_8": 0.0, "val/val_loss_clip_image_9": 0.0, "val/val_loss_clip_image_10": 0.0, "val/val_loss_rec": 0.3933560997247696, "val/val_loss_cyc": 0.003357205423526466, "_timestamp": 1723531342.189085, "_runtime": 593.7278130054474, "_step": 21, "_wandb": {"runtime": 559}}