{"train/loss": 4.38094855463782, "train/lr": 0.000727509394187616, "train/num_steps": 4472, "train/cosine_sim_image": 0.6208487208499465, "train/loss_nce_image": 0.0, "train/loss_mse_image": 1.9747463485082547e-05, "train/loss_mae_image": 0.0, "train/loss_cos_image": 0.37915127915005353, "train/loss_rec": 0.3866939471904622, "train/loss_cyc": 0.0052672266353701435, "train/fwd_pct_correct": 0.9959191679954529, "train/bwd_pct_correct": 0.8880615830421448, "val/loss": 4.941224972407023, "val/num_steps": 312, "val/cosine_sim_image": 0.5649176239967346, "val/loss_nce_image": 0.0, "val/loss_mse_image": 2.2660541011039943e-05, "val/loss_mae_image": 0.0, "val/loss_cos_image": 0.4350823760032654, "val/loss_rec": 0.36193111538887024, "val/loss_cyc": 0.0018647769854093592, "val/fwd_pct_correct": 0.6516666412353516, "val/bwd_pct_correct": 0.40833330154418945, "_timestamp": 1721642566.4894626, "_runtime": 733.9031565189362, "_step": 51}