{"train/loss": 28.577312602553256, "train/lr": 0.00026204947692069286, "train/num_steps": 3053, "train/cosine_sim_text": 0.42161850596583167, "train/loss_nce_text": 0.3734747559525246, "train/loss_mse_text": 1.9561062038329234e-05, "train/loss_mae_text": 0.002176865258492356, "train/loss_rec": 0.47655674468639286, "train/loss_cyc": 0.2677746751280718, "val/loss": 78.74914169311523, "val/num_steps": 426, "val/cosine_sim_text": 0.3805743952592214, "val/loss_nce_text": 4.808438301086426, "val/loss_mse_text": 2.094918818329461e-05, "val/loss_mae_text": 0.0023493058203409114, "val/loss_rec": 0.2032891387740771, "val/loss_cyc": 0.0650540255010128, "_timestamp": 1721114775.1158633, "_runtime": 3914.5873713493347, "_step": 70}