{"train/loss": 233.26487688337053, "train/lr": 0.00042831719575902634, "train/num_steps": 1785, "train/cosine_sim_image_2": 0.6157059584345136, "train/cosine_sim_image_3": 0.6116114156586784, "train/cosine_sim_image_4": 0.5931674531527928, "train/cosine_sim_image_8": 0.5619790894644601, "train/cosine_sim_image_11": 0.7869944436209543, "train/loss_mse_image_2": 2.00153178801494e-05, "train/loss_mse_image_3": 2.022857489854297e-05, "train/loss_mse_image_4": 2.1189197598557386e-05, "train/loss_mse_image_8": 0.0035598534691546643, "train/loss_mse_image_11": 1.1094043475168292e-05, "train/loss_mae_image_2": 0.0032001598072903497, "train/loss_mae_image_3": 0.0032436419877090623, "train/loss_mae_image_4": 0.00334705608630819, "train/loss_mae_image_8": 0.0035598534691546643, "train/loss_mae_image_11": 0.0025021413008549384, "train/loss_nce_image_2": 5.408576474870954, "train/loss_nce_image_3": 5.332168763024466, "train/loss_nce_image_4": 4.978842381068638, "train/loss_nce_image_8": 4.399311828613281, "train/loss_nce_image_11": 6.026505919865199, "train/loss_rec": 0.45762285590171814, "train/loss_cyc": 0.12754619078976767, "val/val_loss": 253.4077580769857, "val/val_num_steps": 306, "val/val_cosine_sim_image_2": 0.5701425572236379, "val/val_cosine_sim_image_3": 0.5656609833240509, "val/val_cosine_sim_image_4": 0.5397190550963084, "val/val_cosine_sim_image_8": 0.4937608639399211, "val/val_cosine_sim_image_11": 0.7667943239212036, "val/val_loss_mse_image_2": 2.2388409585497964e-05, "val/val_loss_mse_image_3": 2.2621825337409973e-05, "val/val_loss_mse_image_4": 2.397296672522013e-05, "val/val_loss_mse_image_8": 2.6366622478235513e-05, "val/val_loss_mse_image_11": 1.214612954451392e-05, "val/val_loss_mae_image_2": 0.003337096616936227, "val/val_loss_mae_image_3": 0.0033865494964023433, "val/val_loss_mae_image_4": 0.003519674918303887, "val/val_loss_mae_image_8": 0.0038045919500291348, "val/val_loss_mae_image_11": 0.0026091893669217825, "val/val_loss_nce_image_2": 4.425541639328003, "val/val_loss_nce_image_3": 4.35090700785319, "val/val_loss_nce_image_4": 4.0818391640981035, "val/val_loss_nce_image_8": 3.6771348317464194, "val/val_loss_nce_image_11": 4.756278196970622, "val/val_loss_rec": 0.4241366386413574, "val/val_loss_cyc": 0.04290758011241754, "_timestamp": 1725337014.0590386, "_runtime": 1009.1489017009735, "_step": 50, "_wandb": {"runtime": 1016}}