{"train/loss": 56.08390492030552, "train/lr": 0.00025453683251453466, "train/num_steps": 35, "train/cosine_sim_text": 0.1717764537515385, "train/loss_nce_text": 7.032824529920306, "train/loss_mse_text": 2.8010807415869618e-05, "train/loss_mae_text": 0.003732697805389762, "train/loss_rec": 1.0508335420063564, "train/loss_cyc": 0.8393641488892691, "val/loss": 44.70385932922363, "val/num_steps": 6, "val/cosine_sim_text": 0.25556689500808716, "val/loss_nce_text": 5.157581965128581, "val/loss_mse_text": 2.5176985218422487e-05, "val/loss_mae_text": 0.003145246572482089, "val/loss_rec": 0.3730050375064214, "val/loss_cyc": 0.045526731138428055, "_timestamp": 1721181329.4955404, "_runtime": 24.415072441101074, "_step": 0}