{"train/loss": 26.43554605756487, "train/lr": 0.0009997512929739607, "train/num_steps": 210, "train/cosine_sim_image": 0.3940018347331456, "train/loss_mse_image": 0.6644082358905248, "train/loss_mae_image": 0.623475672517504, "train/loss_nce_image": 6.589042336600167, "train/loss_rec": 0.3125748566218785, "train/loss_cyc": 0.011007304835532392, "val/val_loss": 24.633405685424805, "val/val_num_steps": 36, "val/val_cosine_sim_image": 0.40107105175654095, "val/val_loss_mse_image": 0.6594743728637695, "val/val_loss_mae_image": 0.6208612422148386, "val/val_loss_nce_image": 4.922224680582683, "val/val_loss_rec": 0.30987713237603504, "val/val_loss_cyc": 0.003202944799947242, "_timestamp": 1724849375.9588587, "_runtime": 420.89125061035156, "_step": 5, "_wandb": {"runtime": 488}}