{"train/loss": 10.727523476736886, "train/lr": 0.0004273624723616988, "train/num_steps": 4410, "train/cosine_sim_text": 0.8521639653614589, "train/loss_nce_text": 3.859495142527989, "train/loss_mse_text": 4.999868555647221e-06, "train/loss_mae_text": 0.0016880195987011705, "train/loss_rec": 0.15873569548130034, "train/loss_cyc": 0.021404564380645752, "val/loss": 15.31476100285848, "val/num_steps": 756, "val/cosine_sim_text": 0.7348712782065073, "val/loss_nce_text": 3.9224156538645425, "val/loss_mse_text": 8.966744947732272e-06, "val/loss_mae_text": 0.0022670997229094305, "val/loss_rec": 0.15214702238639197, "val/loss_cyc": 0.006354047916829586, "_timestamp": 1724669263.946358, "_runtime": 2517.507817029953, "_step": 125, "_wandb": {"runtime": 2529}}