{"train/loss": 19.239448857861895, "train/lr": 0.0003580718320782605, "train/num_steps": 2365, "train/cosine_sim_image": 0.6403312433597653, "train/loss_nce_image": 0.0, "train/loss_mse_image": 1.8732749045146953e-05, "train/loss_mae_image": 0.0, "train/loss_cos_image": 0.0, "train/loss_rec": 0.49036109863325605, "train/loss_cyc": 0.01633883341280527, "train/fwd_pct_correct": 0.9278780817985535, "train/bwd_pct_correct": 0.3593403100967407, "val/loss": 20.610790570576984, "val/num_steps": 330, "val/cosine_sim_image": 0.6129943331082662, "val/loss_nce_image": 0.0, "val/loss_mse_image": 2.0156544754475664e-05, "val/loss_mae_image": 0.0, "val/loss_cos_image": 0.0, "val/loss_rec": 0.44949157039324444, "val/loss_cyc": 0.004754527006298304, "val/fwd_pct_correct": 0.5941667556762695, "val/bwd_pct_correct": 0.29666668176651, "_timestamp": 1721697375.0124557, "_runtime": 884.596593618393, "_step": 54, "_wandb": {"runtime": 893}}