{"train/loss": 1358.2916799146076, "train/lr": 0.0004999685948546319, "train/num_steps": 258, "train/cosine_sim_image_fc": 0.008163304522980091, "train/cosine_sim_image_2": 0.00018340994625590568, "train/cosine_sim_image_3": 0.00016486400001963905, "train/cosine_sim_image_4": 0.00014778833056605138, "train/cosine_sim_image_5": 0.00012929162530358448, "train/cosine_sim_image_6": 0.00014095959188633187, "train/loss_mse_image_fc": 2.330279479538995e-05, "train/loss_mse_image_2": 0.014979286238464505, "train/loss_mse_image_3": 0.014980756027927233, "train/loss_mse_image_4": 0.014982800226831851, "train/loss_mse_image_5": 0.014984237582444451, "train/loss_mse_image_6": 0.014985289554609808, "train/loss_mae_image_fc": 0.003633931030107792, "train/loss_mae_image_2": 0.09676268965352414, "train/loss_mae_image_3": 0.09676844167501428, "train/loss_mae_image_4": 0.09677301737111668, "train/loss_mae_image_5": 0.09677907720554707, "train/loss_mae_image_6": 0.0967827107497426, "train/loss_clip_image_fc": 0.0, "train/loss_clip_image_2": 0.0, "train/loss_clip_image_3": 0.0, "train/loss_clip_image_4": 0.0, "train/loss_clip_image_5": 0.0, "train/loss_clip_image_6": 0.0, "train/loss_rec": 0.7377221591250841, "train/loss_cyc": 0.03444568250804793, "val/val_loss": 22.91381327311198, "val/val_num_steps": 18, "val/val_cosine_sim_image_fc": 0.1174708902835846, "val/val_cosine_sim_image_2": 0.0160269799331824, "val/val_cosine_sim_image_3": 0.016031090170145035, "val/val_cosine_sim_image_4": 0.013680358727773031, "val/val_cosine_sim_image_5": 0.01227560763557752, "val/val_cosine_sim_image_6": 0.012970961630344391, "val/val_loss_mse_image_fc": 2.2970915779296774e-05, "val/val_loss_mse_image_2": 0.0002286538171271483, "val/val_loss_mse_image_3": 0.00023261002691773078, "val/val_loss_mse_image_4": 0.00023269525748522332, "val/val_loss_mse_image_5": 0.00023200668753512824, "val/val_loss_mse_image_6": 0.00023092314950190485, "val/val_loss_mae_image_fc": 0.003595927613787353, "val/val_loss_mae_image_2": 0.011894310048470894, "val/val_loss_mae_image_3": 0.011994062146792809, "val/val_loss_mae_image_4": 0.012016407990207275, "val/val_loss_mae_image_5": 0.01199814723804593, "val/val_loss_mae_image_6": 0.011979031997422377, "val/val_loss_clip_image_fc": 0.0, "val/val_loss_clip_image_2": 0.0, "val/val_loss_clip_image_3": 0.0, "val/val_loss_clip_image_4": 0.0, "val/val_loss_clip_image_5": 0.0, "val/val_loss_clip_image_6": 0.0, "val/val_loss_rec": 0.7070314387480418, "val/val_loss_cyc": 0.003406250306094686, "_timestamp": 1723527674.7022145, "_runtime": 81.0052924156189, "_step": 2, "_wandb": {"runtime": 83}}