{"train/loss": 66.78952452193859, "train/lr": 0.0003695497356090966, "train/num_steps": 7396, "train/cosine_sim_image": 0.6553584572880767, "train/loss_nce_image": 0.0012795963742720168, "train/loss_mse_image": 1.795008092601567e-05, "train/loss_mae_image": 0.0029988779827172674, "train/loss_cos_image": 0.34464154271192327, "train/loss_rec": 0.4298735697602117, "train/loss_cyc": 0.09763308129338331, "train/fwd_pct_correct": 0.9999709129333496, "train/bwd_pct_correct": 0.9991569519042969, "val/loss": 108.09544881184895, "val/num_steps": 1032, "val/cosine_sim_image": 0.5684041281541189, "val/loss_nce_image": 2.677507519721985, "val/loss_mse_image": 2.2478951602048863e-05, "val/loss_mae_image": 0.0032818015897646546, "val/loss_cos_image": 0.43159587184588116, "val/loss_rec": 0.3913836379845937, "val/loss_cyc": 0.025982598774135113, "val/fwd_pct_correct": 0.7299999594688416, "val/bwd_pct_correct": 0.53166663646698, "_timestamp": 1721460729.595658, "_runtime": 2593.431274175644, "_step": 171}