{"train/loss": 26.951342391967774, "train/lr": 0.0004657272103598025, "train/num_steps": 3010, "train/cosine_sim_text": 0.5193093436104911, "train/loss_nce_text": 2.142109979901995, "train/loss_mse_text": 1.6257125857269526e-05, "train/loss_mae_text": 0.00205034297624869, "train/loss_rec": 0.43374313967568534, "train/loss_cyc": 0.1042368260877473, "val/loss": 32.552772521972656, "val/num_steps": 516, "val/cosine_sim_text": 0.4994770685831706, "val/loss_nce_text": 4.165409088134766, "val/loss_mse_text": 1.692785826890031e-05, "val/loss_mae_text": 0.002233212348073721, "val/loss_rec": 0.17346746722857156, "val/loss_cyc": 0.023577753454446793, "_timestamp": 1721180749.427863, "_runtime": 1781.4011578559875, "_step": 85}