{"train/loss": 6.462741624477298, "train/lr": 0.001419855004824952, "train/num_steps": 2064, "train/cosine_sim_image": 0.6258949873059295, "train/loss_nce_image": 0.0, "train/loss_mse_image": 1.948463696587782e-05, "train/loss_mae_image": 0.0030709632163390863, "train/loss_cos_image": 0.3741050126940705, "train/loss_rec": 0.45641904410927797, "train/loss_cyc": 0.0097124946119567, "train/fwd_pct_correct": 0.8191201090812683, "train/bwd_pct_correct": 0.3775404393672943, "val/loss": 6.644788821538289, "val/num_steps": 144, "val/cosine_sim_image": 0.6122583150863647, "val/loss_nce_image": 0.0, "val/loss_mse_image": 2.0194880562485196e-05, "val/loss_mae_image": 0.003112751447285215, "val/loss_cos_image": 0.38774168491363525, "val/loss_rec": 0.43347441653410596, "val/loss_cyc": 0.0031342119133720794, "val/fwd_pct_correct": 0.6341666579246521, "val/bwd_pct_correct": 0.31333333253860474, "_timestamp": 1721649279.5152814, "_runtime": 323.52239537239075, "_step": 23, "_wandb": {"runtime": 328}}