{"train/loss": 8.673155640446863, "train/lr": 0.00045141492925399913, "train/num_steps": 3612, "train/cosine_sim_image_fc": 0.750941114370213, "train/cosine_sim_image_2": 0.6061347549737885, "train/cosine_sim_image_3": 0.6013081780699796, "train/cosine_sim_image_4": 0.5798050802807475, "train/cosine_sim_image_5": 0.0, "train/cosine_sim_image_6": 0.0, "train/loss_mse_image_fc": 1.945772641362097e-05, "train/loss_mse_image_2": 2.0513815840342093e-05, "train/loss_mse_image_3": 2.0765200387422525e-05, "train/loss_mse_image_4": 2.1885153516852244e-05, "train/loss_mse_image_5": 0.0, "train/loss_mse_image_6": 0.0, "train/loss_mae_image_fc": 0.0, "train/loss_mae_image_2": 0.0, "train/loss_mae_image_3": 0.0, "train/loss_mae_image_4": 0.0, "train/loss_mae_image_5": 0.0, "train/loss_mae_image_6": 0.0, "train/loss_clip_image_fc": 0.0, "train/loss_clip_image_2": 0.0, "train/loss_clip_image_3": 0.0, "train/loss_clip_image_4": 0.0, "train/loss_clip_image_5": 0.0, "train/loss_clip_image_6": 0.0, "train/loss_rec": 0.39882287902887475, "train/loss_cyc": 0.012143138027208488, "val/val_loss": 9.31791909535726, "val/val_num_steps": 252, "val/val_cosine_sim_image_fc": 0.7335093319416046, "val/val_cosine_sim_image_2": 0.5728014012177786, "val/val_cosine_sim_image_3": 0.5684964259465536, "val/val_cosine_sim_image_4": 0.5420599977175394, "val/val_cosine_sim_image_5": 0.0, "val/val_cosine_sim_image_6": 0.0, "val/val_loss_mse_image_fc": 2.0819584885127067e-05, "val/val_loss_mse_image_2": 2.2249927496886812e-05, "val/val_loss_mse_image_3": 2.2474146438374493e-05, "val/val_loss_mse_image_4": 2.3851043503479257e-05, "val/val_loss_mse_image_5": 0.0, "val/val_loss_mse_image_6": 0.0, "val/val_loss_mae_image_fc": 0.0, "val/val_loss_mae_image_2": 0.0, "val/val_loss_mae_image_3": 0.0, "val/val_loss_mae_image_4": 0.0, "val/val_loss_mae_image_5": 0.0, "val/val_loss_mae_image_6": 0.0, "val/val_loss_clip_image_fc": 0.0, "val/val_loss_clip_image_2": 0.0, "val/val_loss_clip_image_3": 0.0, "val/val_loss_clip_image_4": 0.0, "val/val_loss_clip_image_5": 0.0, "val/val_loss_clip_image_6": 0.0, "val/val_loss_rec": 0.3739263415336609, "val/val_loss_cyc": 0.004523012011001508, "_timestamp": 1723451713.7060452, "_runtime": 801.9472551345825, "_step": 41, "_wandb": {"runtime": 820}}