{"train/loss": 14.969687029372814, "train/lr": 7.83252866352131e-05, "train/num_steps": 12814, "train/cosine_sim_image": 0.47935000131296557, "train/fwd_percent_correct": 0.988555371761322, "train/bwd_percent_correct": 0.988555371761322, "train/loss_mse_image": 0.768111338449079, "train/loss_mae_image": 0.685425859551097, "train/loss_nce_image": 4139.859235896621, "train/loss_rec": 0.38351970495179644, "train/loss_cyc": 0.00939672945478801, "val/val_loss": 16.75692621866862, "val/val_num_steps": 894, "val/val_cosine_sim_image": 0.4511825193961461, "val/val_fwd_percent_correct": 0.753333330154419, "val/val_bwd_percent_correct": 0.753333330154419, "val/val_loss_mse_image": 0.7947549919287363, "val/val_loss_mae_image": 0.6974904338518778, "val/val_loss_nce_image": 146839.62239583334, "val/val_loss_rec": 0.36277152101198834, "val/val_loss_cyc": 0.003304545534774661, "_timestamp": 1724362556.1175575, "_runtime": 43893.63483762741, "_step": 148}