{"train/loss": 3.0269314743751705, "train/lr": 0.00100085513636443, "train/num_steps": 5160, "train/cosine_sim_image": 0.6343871070895084, "train/loss_nce_image": 0.0, "train/loss_mse_image": 1.904233947645353e-05, "train/loss_mae_image": 0.003033278344827163, "train/loss_cos_image": 0.3656128929104916, "train/loss_rec": 0.4503272494604421, "train/loss_cyc": 0.0034295673871976, "train/fwd_pct_correct": 0.9039250016212463, "train/bwd_pct_correct": 0.5040604472160339, "val/loss": 3.1360342502593994, "val/num_steps": 360, "val/cosine_sim_image": 0.6131390233834585, "val/loss_nce_image": 0.0, "val/loss_mse_image": 2.014901080353108e-05, "val/loss_mae_image": 0.003097413806244731, "val/loss_cos_image": 0.38686097661654156, "val/loss_rec": 0.4232732603947322, "val/loss_cyc": 0.0012575445580296218, "val/fwd_pct_correct": 0.6441667079925537, "val/bwd_pct_correct": 0.3566666543483734, "_timestamp": 1721651225.570506, "_runtime": 777.2240221500397, "_step": 59, "_wandb": {"runtime": 786}}