{"train/loss": 39.57189952305385, "train/lr": 0.0004999204437582977, "train/num_steps": 210, "train/cosine_sim_text": 0.269112628698349, "train/loss_nce_text": 5.605854960850307, "train/loss_mse_text": 2.4718864005990325e-05, "train/loss_mae_text": 0.00251233521848917, "train/loss_rec": 0.5892861366271973, "train/loss_cyc": 0.1756639199597495, "val/loss": 34.34307352701823, "val/num_steps": 36, "val/cosine_sim_text": 0.27781421939531964, "val/loss_nce_text": 3.4937901894251504, "val/loss_mse_text": 2.4424572378241766e-05, "val/loss_mae_text": 0.0024602747289463878, "val/loss_rec": 0.26272404690583545, "val/loss_cyc": 0.047564818834265075, "_timestamp": 1721180948.5851479, "_runtime": 127.3572428226471, "_step": 5}