{"train/loss": 18.317647002464117, "train/lr": 0.0004806273963790931, "train/num_steps": 2322, "train/cosine_sim_image": 0.250820676427941, "train/fwd_percent_correct": 0.031161313876509666, "train/bwd_percent_correct": 0.031161313876509666, "train/loss_mse_image": 0.9428973163283149, "train/loss_mae_image": 0.7570025692152422, "train/loss_nce_image": 76689.96184593023, "train/loss_rec": 0.5381558482037034, "train/loss_cyc": 0.013592855474196894, "val/val_loss": 18.06581465403239, "val/val_num_steps": 162, "val/val_cosine_sim_image": 0.2664623061815898, "val/val_fwd_percent_correct": 0.06583333015441895, "val/val_bwd_percent_correct": 0.06583333015441895, "val/val_loss_mse_image": 0.9390769700209299, "val/val_loss_mae_image": 0.75542813539505, "val/val_loss_nce_image": 59891.545572916664, "val/val_loss_rec": 0.5180187821388245, "val/val_loss_cyc": 0.003830144841534396, "_timestamp": 1724313213.159452, "_runtime": 5569.175076007843, "_step": 26}