{"train/loss": 4677.198744419643, "train/lr": 0.0009376684242168184, "train/num_steps": 2310, "train/cosine_sim_image": 0.6381466388702393, "train/loss_mse_image": 0.4643851663385119, "train/loss_mae_image": 0.5225752898624965, "train/loss_nce_image": 3.260516309738159, "train/loss_rec": 0.1963534665959222, "train/loss_cyc": 0.022945443966559002, "val/val_loss": 5723.38720703125, "val/val_num_steps": 396, "val/val_cosine_sim_image": 0.5232938428719839, "val/val_loss_mse_image": 0.5692265629768372, "val/val_loss_mae_image": 0.57831738392512, "val/val_loss_nce_image": 3.0353596210479736, "val/val_loss_rec": 0.18241253743569055, "val/val_loss_cyc": 0.0072414040720711155, "_timestamp": 1725157027.521968, "_runtime": 5277.3083329200745, "_step": 65, "_wandb": {"runtime": 5315}}