{"train/loss": 12.760899044746576, "train/lr": 0.000441628088558185, "train/num_steps": 3956, "train/cosine_sim_image_fc": 0.7549895450126293, "train/cosine_sim_image_2": 0.615407640157744, "train/cosine_sim_image_3": 0.6117822659570117, "train/cosine_sim_image_4": 0.5938623644584833, "train/cosine_sim_image_5": 0.5875066089075666, "train/cosine_sim_image_6": 0.5982941832653311, "train/loss_mse_image_fc": 1.914144286274677e-05, "train/loss_mse_image_2": 2.0030852854603816e-05, "train/loss_mse_image_3": 2.021967467826894e-05, "train/loss_mse_image_4": 2.1153002942514304e-05, "train/loss_mse_image_5": 2.148403196178003e-05, "train/loss_mse_image_6": 2.0922179003740217e-05, "train/loss_mae_image_fc": 0.0033036581819963664, "train/loss_mae_image_2": 0.003207791902579714, "train/loss_mae_image_3": 0.0032488361818629294, "train/loss_mae_image_4": 0.003348210274220206, "train/loss_mae_image_5": 0.003414762206375599, "train/loss_mae_image_6": 0.003392462569917011, "train/loss_clip_image_fc": 0.0, "train/loss_clip_image_2": 0.0, "train/loss_clip_image_3": 0.0, "train/loss_clip_image_4": 0.0, "train/loss_clip_image_5": 0.0, "train/loss_clip_image_6": 0.0, "train/loss_rec": 0.4002821241007295, "train/loss_cyc": 0.01584990618230645, "val/val_loss": 14.19981050491333, "val/val_num_steps": 276, "val/val_cosine_sim_image_fc": 0.733068178097407, "val/val_cosine_sim_image_2": 0.5720293819904327, "val/val_cosine_sim_image_3": 0.5675874948501587, "val/val_cosine_sim_image_4": 0.5415879090627035, "val/val_cosine_sim_image_5": 0.5314204593499502, "val/val_cosine_sim_image_6": 0.5441528956095377, "val/val_loss_mse_image_fc": 2.085404927735605e-05, "val/val_loss_mse_image_2": 2.2290138076641597e-05, "val/val_loss_mse_image_3": 2.2521485940766677e-05, "val/val_loss_mse_image_4": 2.3875629267422482e-05, "val/val_loss_mse_image_5": 2.4405184073354274e-05, "val/val_loss_mse_image_6": 2.3742038744482368e-05, "val/val_loss_mae_image_fc": 0.0034508902269105115, "val/val_loss_mae_image_2": 0.0033441982232034206, "val/val_loss_mae_image_3": 0.00339325579504172, "val/val_loss_mae_image_4": 0.003524923580698669, "val/val_loss_mae_image_5": 0.003611481709716221, "val/val_loss_mae_image_6": 0.0035926237081487975, "val/val_loss_clip_image_fc": 0.0, "val/val_loss_clip_image_2": 0.0, "val/val_loss_clip_image_3": 0.0, "val/val_loss_clip_image_4": 0.0, "val/val_loss_clip_image_5": 0.0, "val/val_loss_clip_image_6": 0.0, "val/val_loss_rec": 0.3734640081723531, "val/val_loss_cyc": 0.005518687112877767, "_timestamp": 1721811464.2607458, "_runtime": 1004.2063527107239, "_step": 45, "_wandb": {"runtime": 1052}}