{"train/loss": 2364.6145228794644, "train/lr": 0.0004887481092402964, "train/num_steps": 735, "train/cosine_sim_image_2": 0.49451562421662465, "train/cosine_sim_image_8": 0.39417685866355895, "train/cosine_sim_image_11": 0.7453593168939863, "train/loss_mse_image_2": 0.01746811435690948, "train/loss_mse_image_8": 0.17273873729365213, "train/loss_mse_image_11": 0.1660333697284971, "train/loss_mae_image_2": 0.09732771537133626, "train/loss_mae_image_8": 0.17273873729365213, "train/loss_mae_image_11": 0.31002826860972815, "train/loss_nce_image_2": 6.847544942583356, "train/loss_nce_image_8": 6.80691089630127, "train/loss_nce_image_11": 6.841097681862967, "train/loss_rec": 0.6409491419792175, "train/loss_cyc": 0.06318350125636374, "val/val_loss": 2312.308308919271, "val/val_num_steps": 126, "val/val_cosine_sim_image_2": 0.537199338277181, "val/val_cosine_sim_image_8": 0.41828766961892444, "val/val_cosine_sim_image_11": 0.7482559184233347, "val/val_loss_mse_image_2": 0.016233240875105064, "val/val_loss_mse_image_8": 0.04946511300901572, "val/val_loss_mse_image_11": 0.1638332928220431, "val/val_loss_mae_image_2": 0.09259380648533504, "val/val_loss_mae_image_8": 0.17010501523812613, "val/val_loss_mae_image_11": 0.30753402411937714, "val/val_loss_nce_image_2": 5.283016204833984, "val/val_loss_nce_image_8": 5.241225004196167, "val/val_loss_nce_image_11": 5.274469455083211, "val/val_loss_rec": 0.0, "val/val_loss_cyc": 0.0, "_timestamp": 1725099025.7535994, "_runtime": 343.0730664730072, "_step": 20, "_wandb": {"runtime": 350}}