{"train/loss": 2.1968568674353666, "train/lr": 0.0004231387478098978, "train/num_steps": 3440, "train/cosine_sim_image": 0.6531067844047103, "train/loss_nce_image": 0.0, "train/loss_mse_image": 1.8067356079903453e-05, "train/loss_mae_image": 0.0, "train/loss_cos_image": 0.0, "train/loss_rec": 0.3846441247435503, "train/loss_cyc": 0.005477115203258257, "train/fwd_pct_correct": 0.9753663539886475, "train/bwd_pct_correct": 0.7276882529258728, "val/loss": 2.3560365041097007, "val/num_steps": 240, "val/cosine_sim_image": 0.6177950501441956, "val/loss_nce_image": 0.0, "val/loss_mse_image": 1.9906509199548356e-05, "val/loss_mae_image": 0.0, "val/loss_cos_image": 0.0, "val/loss_rec": 0.3633679946263631, "val/loss_cyc": 0.0020175412840520344, "val/fwd_pct_correct": 0.6783332824707031, "val/bwd_pct_correct": 0.42333337664604187, "_timestamp": 1721727688.1313038, "_runtime": 752.4674437046051, "_step": 39, "_wandb": {"runtime": 789}}