{"train/loss": 2.7663384260133257, "train/lr": 0.0010742154962347815, "train/num_steps": 4730, "train/cosine_sim_image": 0.6326677300209222, "train/loss_nce_image": 0.0, "train/loss_mse_image": 1.9131890207232616e-05, "train/loss_mae_image": 0.003052147535802147, "train/loss_cos_image": 0.3673322699790777, "train/loss_rec": 0.45182310737842735, "train/loss_cyc": 0.003472538968158323, "train/fwd_pct_correct": 0.8847678303718567, "train/bwd_pct_correct": 0.4669579863548279, "val/loss": 2.858939607938131, "val/num_steps": 330, "val/cosine_sim_image": 0.6131476958592733, "val/loss_nce_image": 0.0, "val/loss_mse_image": 2.01485590878292e-05, "val/loss_mae_image": 0.0031084508324662843, "val/loss_cos_image": 0.38685230414072674, "val/loss_rec": 0.4249074508746465, "val/loss_cyc": 0.0012393610377330333, "val/fwd_pct_correct": 0.6308333277702332, "val/bwd_pct_correct": 0.3541666865348816, "_timestamp": 1721652660.2690217, "_runtime": 882.8676087856293, "_step": 54}