{"train/loss": 37.67782434923895, "train/lr": 0.0002497501201845258, "train/num_steps": 464, "train/cosine_sim_text": 0.2782327763993165, "train/loss_nce_text": 4.877217527093558, "train/loss_mse_text": 2.441041873806108e-05, "train/loss_mae_text": 0.002480059874179805, "train/loss_rec": 0.5617362702714985, "train/loss_cyc": 0.12001243606209755, "val/loss": 33.93729337056478, "val/num_steps": 48, "val/cosine_sim_text": 0.286933774749438, "val/loss_nce_text": 3.47386368115743, "val/loss_mse_text": 2.4116146353965934e-05, "val/loss_mae_text": 0.002430589597982665, "val/loss_rec": 0.24128207316001257, "val/loss_cyc": 0.03077265030393998, "_timestamp": 1721128013.0870962, "_runtime": 427.7651481628418, "_step": 7}