{"train/loss": 14.151611300877162, "train/lr": 0.0004813109574609499, "train/num_steps": 7210, "train/cosine_sim_image": 0.6588752746582032, "train/loss_mse_image": 0.4433554802622114, "train/loss_mae_image": 0.5083043677466256, "train/loss_nce_image": 1105.2643136160714, "train/loss_rec": 0.18152942274297987, "train/loss_cyc": 0.008875699414472495, "val/val_loss": 20.941022237141926, "val/val_num_steps": 1236, "val/val_cosine_sim_image": 0.5200541615486145, "val/val_loss_mse_image": 0.5772353708744049, "val/val_loss_mae_image": 0.5812288522720337, "val/val_loss_nce_image": 340565.9947916667, "val/val_loss_rec": 0.17571246375640234, "val/val_loss_cyc": 0.002654241727820287, "_timestamp": 1724581739.9300191, "_runtime": 14964.258973121643, "_step": 205, "_wandb": {"runtime": 14991}}