{"train/loss": 17.622418648856026, "train/lr": 0.0009616381579928226, "train/num_steps": 1820, "train/cosine_sim_image": 0.6206040075847081, "train/loss_mse_image": 0.48151370372091024, "train/loss_mae_image": 0.5304067935262408, "train/loss_nce_image": 4.992009156090873, "train/loss_rec": 0.17959514132567814, "train/loss_cyc": 0.012476974486240319, "val/val_loss": 19.339491208394367, "val/val_num_steps": 312, "val/val_cosine_sim_image": 0.5222852726777395, "val/val_loss_mse_image": 0.5692501564820608, "val/val_loss_mae_image": 0.5771937966346741, "val/val_loss_nce_image": 4.018505851427714, "val/val_loss_rec": 0.16941586881875992, "val/val_loss_cyc": 0.003881296996648113, "_timestamp": 1724847307.2683115, "_runtime": 3648.222325563431, "_step": 51, "_wandb": {"runtime": 3710}}