{"train/loss": 1.210435308689295, "train/lr": 0.0004560073070667433, "train/num_steps": 3440, "train/cosine_sim_image_fc": 0.7471726259519887, "train/cosine_sim_image_2": 0.6026507054650506, "train/cosine_sim_image_3": 0.5981033444404602, "train/cosine_sim_image_4": 0.5761250271353611, "train/cosine_sim_image_5": 0.0, "train/cosine_sim_image_6": 0.0, "train/loss_mse_image_fc": 1.9752140085688024e-05, "train/loss_mse_image_2": 2.0695276848422257e-05, "train/loss_mse_image_3": 2.0932118384861984e-05, "train/loss_mse_image_4": 2.207682243965263e-05, "train/loss_mse_image_5": 0.0, "train/loss_mse_image_6": 0.0, "train/loss_mae_image_fc": 0.0, "train/loss_mae_image_2": 0.0, "train/loss_mae_image_3": 0.0, "train/loss_mae_image_4": 0.0, "train/loss_mae_image_5": 0.0, "train/loss_mae_image_6": 0.0, "train/loss_clip_image_fc": 0.0, "train/loss_clip_image_2": 0.0, "train/loss_clip_image_3": 0.0, "train/loss_clip_image_4": 0.0, "train/loss_clip_image_5": 0.0, "train/loss_clip_image_6": 0.0, "train/loss_rec": 0.3724654285713684, "train/loss_cyc": 0.0034062953606291218, "val/val_loss": 1.2455739378929138, "val/val_num_steps": 240, "val/val_cosine_sim_image_fc": 0.7333820660909017, "val/val_cosine_sim_image_2": 0.5736463765303293, "val/val_cosine_sim_image_3": 0.5691089530785879, "val/val_cosine_sim_image_4": 0.5428307950496674, "val/val_cosine_sim_image_5": 0.0, "val/val_cosine_sim_image_6": 0.0, "val/val_loss_mse_image_fc": 2.082952869386645e-05, "val/val_loss_mse_image_2": 2.2205918564092524e-05, "val/val_loss_mse_image_3": 2.2442243789555505e-05, "val/val_loss_mse_image_4": 2.3810897194683395e-05, "val/val_loss_mse_image_5": 0.0, "val/val_loss_mse_image_6": 0.0, "val/val_loss_mae_image_fc": 0.0, "val/val_loss_mae_image_2": 0.0, "val/val_loss_mae_image_3": 0.0, "val/val_loss_mae_image_4": 0.0, "val/val_loss_mae_image_5": 0.0, "val/val_loss_mae_image_6": 0.0, "val/val_loss_clip_image_fc": 0.0, "val/val_loss_clip_image_2": 0.0, "val/val_loss_clip_image_3": 0.0, "val/val_loss_clip_image_4": 0.0, "val/val_loss_clip_image_5": 0.0, "val/val_loss_clip_image_6": 0.0, "val/val_loss_rec": 0.35133559505144757, "val/val_loss_cyc": 0.0013524583385636408, "_timestamp": 1723454939.279487, "_runtime": 978.8873708248138, "_step": 39, "_wandb": {"runtime": 1011}}