{"train/loss": 24.425789315359932, "train/lr": 0.000998741345561753, "train/num_steps": 385, "train/cosine_sim_image": 0.45299822432654246, "train/loss_mse_image": 0.6238720178604126, "train/loss_mae_image": 0.6047855019569397, "train/loss_nce_image": 5.611457347869873, "train/loss_rec": 0.2725851195199149, "train/loss_cyc": 0.016451039697442736, "val/val_loss": 22.934497197469074, "val/val_num_steps": 66, "val/val_cosine_sim_image": 0.45105843742688495, "val/val_loss_mse_image": 0.6253853241602579, "val/val_loss_mae_image": 0.6052052080631256, "val/val_loss_nce_image": 4.104767243067424, "val/val_loss_rec": 0.26480556031068164, "val/val_loss_cyc": 0.005166051327250898, "_timestamp": 1724647567.8693786, "_runtime": 778.2768585681915, "_step": 10, "_wandb": {"runtime": 817}}