{"train/loss": 20298.559598214284, "train/lr": 0.0004295707323375553, "train/num_steps": 4340, "train/cosine_sim_text": 0.8275709322520665, "train/loss_nce_text": 0.0, "train/loss_mse_text": 0.1767999678850174, "train/loss_mae_text": 0.26178915330341884, "train/loss_rec": 0.47637026480266026, "train/loss_cyc": 0.19475033581256868, "val/loss": 27028.871744791668, "val/num_steps": 744, "val/cosine_sim_text": 0.7678352892398834, "val/loss_nce_text": 0.0, "val/loss_mse_text": 0.23912306129932404, "val/loss_mae_text": 0.31163011491298676, "val/loss_rec": 0.2101638118426005, "val/loss_cyc": 0.05474049784243107, "_timestamp": 1723980306.3592935, "_runtime": 4471.970508575439, "_step": 123, "_wandb": {"runtime": 4479}}