{"train/loss": 6.691817392621721, "train/lr": 0.0004908620340364814, "train/num_steps": 1575, "train/cosine_sim_text": 0.7841530578477042, "train/loss_nce_text": 3.7278593744550435, "train/loss_mse_text": 7.3000206741978345e-06, "train/loss_mae_text": 0.002037069866699832, "train/loss_rec": 0.17685642625604356, "train/loss_cyc": 0.020029702649584837, "val/loss": 7.252203146616618, "val/num_steps": 270, "val/cosine_sim_text": 0.6943484842777252, "val/loss_nce_text": 3.5999929110209146, "val/loss_mse_text": 1.0337240231213704e-05, "val/loss_mae_text": 0.0024414695411299667, "val/loss_rec": 0.16727047661940256, "val/loss_cyc": 0.009746278325716654, "_timestamp": 1724666658.1077929, "_runtime": 882.2581388950348, "_step": 44, "_wandb": {"runtime": 883}}