{"train/loss": 40.727315521240236, "train/lr": 0.0005405457284715375, "train/num_steps": 3360, "train/cosine_sim_image_2": 0.4746598848274776, "train/cosine_sim_image_8": 0.5138291427067347, "train/cosine_sim_image_11": 0.7874314665794373, "train/loss_mse_image_2": 0.017761409868087087, "train/loss_mse_image_8": 0.15953676402568817, "train/loss_mse_image_11": 0.14151172680514199, "train/loss_mae_image_2": 0.09554107849087035, "train/loss_mae_image_8": 0.15953676402568817, "train/loss_mae_image_11": 0.28805298038891386, "train/loss_nce_image_2": 4.672441986628941, "train/loss_nce_image_8": 3.9193340505872456, "train/loss_nce_image_11": 5.971817929404122, "train/loss_rec": 0.429968398809433, "train/loss_cyc": 0.0035753699551735606, "val/val_loss": 40.48462359110514, "val/val_num_steps": 576, "val/val_cosine_sim_image_2": 0.4157423774401347, "val/val_cosine_sim_image_8": 0.4270372539758682, "val/val_cosine_sim_image_11": 0.7620809574921926, "val/val_loss_mse_image_2": 0.018971139565110207, "val/val_loss_mse_image_8": 0.048876882220307984, "val/val_loss_mse_image_11": 0.1559001753727595, "val/val_loss_mae_image_2": 0.09736993908882141, "val/val_loss_mae_image_8": 0.1679281716545423, "val/val_loss_mae_image_11": 0.3006978432337443, "val/val_loss_nce_image_2": 3.8617248932520547, "val/val_loss_nce_image_8": 3.421882470448812, "val/val_loss_nce_image_11": 4.769397735595703, "val/val_loss_rec": 0.0, "val/val_loss_cyc": 0.0, "_timestamp": 1725100732.991379, "_runtime": 1603.1407470703125, "_step": 95, "_wandb": {"runtime": 1613}}