{"train/loss": 14.606186839512416, "train/lr": 0.000966052096447065, "train/num_steps": 1715, "train/cosine_sim_image": 0.5054037153720856, "train/cosine_sim_image_norm": 0.5054037324019841, "train/loss_mse_image": 0.5793677057538714, "train/loss_mse_image_norm": 6.538127971517887e-06, "train/loss_mae_image": 0.5783043452671596, "train/loss_mae_image_norm": 0.0019279508252761195, "train/loss_nce_image": 0.0, "train/loss_nce_image_norm": 0.0, "train/loss_rec": 0.42604600616863797, "train/loss_cyc": 0.02165681448365961, "val/val_loss": 15.206308205922445, "val/val_num_steps": 294, "val/val_cosine_sim_image": 0.3560033142566681, "val/val_cosine_sim_image_norm": 0.46559655169645947, "val/val_loss_mse_image": 0.6121943990389506, "val/val_loss_mse_image_norm": 7.0643435113500646e-06, "val/val_loss_mae_image": 0.5954325695832571, "val/val_loss_mae_image_norm": 0.0020093495647112527, "val/val_loss_nce_image": 0.0, "val/val_loss_nce_image_norm": 0.0, "val/val_loss_rec": 0.4059482514858246, "val/val_loss_cyc": 0.008306455798447132, "_timestamp": 1724417715.722333, "_runtime": 6928.415573835373, "_step": 48}