{"train/loss": 33.931753602138784, "train/lr": 0.0005, "train/num_steps": 172, "train/cosine_sim_image": 0.07970374571376068, "train/fwd_percent_correct": 0.002549269935116172, "train/bwd_percent_correct": 0.002549269935116172, "train/loss_mse_image": 1.599138549593992, "train/loss_mae_image": 0.9979975750279981, "train/loss_nce_image": 706646.4280523256, "train/loss_rec": 0.7215657698553662, "train/loss_cyc": 0.17236246584459794, "val/val_loss": 28.167015711466473, "val/val_num_steps": 12, "val/val_cosine_sim_image": 0.08470053598284721, "val/val_fwd_percent_correct": 0.005833333358168602, "val/val_bwd_percent_correct": 0.005833333358168602, "val/val_loss_mse_image": 1.3520701328913372, "val/val_loss_mae_image": 0.916086216767629, "val/val_loss_nce_image": 474928.328125, "val/val_loss_rec": 0.6724431117375692, "val/val_loss_cyc": 0.06372569253047307, "_timestamp": 1724240300.6182973, "_runtime": 422.7103703022003, "_step": 1}