{"train/loss": 2.5619143663450727, "train/lr": 0.00046831702123371644, "train/num_steps": 1118, "train/cosine_sim_image": 0.6045013818629953, "train/loss_nce_image": 0.0, "train/loss_mse_image": 2.0598886865543116e-05, "train/loss_mae_image": 0.0, "train/loss_cos_image": 0.0, "train/loss_rec": 0.49531858605007795, "train/loss_cyc": 0.006707074651278035, "train/fwd_pct_correct": 0.22848087549209595, "train/bwd_pct_correct": 0.03227950260043144, "val/loss": 2.538734555244446, "val/num_steps": 156, "val/cosine_sim_image": 0.6033376355965933, "val/loss_nce_image": 0.0, "val/loss_mse_image": 2.06594989625349e-05, "val/loss_mae_image": 0.0, "val/loss_cos_image": 0.0, "val/loss_rec": 0.47039743264516193, "val/loss_cyc": 0.002387296757660806, "val/fwd_pct_correct": 0.34833332896232605, "val/bwd_pct_correct": 0.08833333104848862, "_timestamp": 1721717490.5508924, "_runtime": 307.8207492828369, "_step": 25, "_wandb": {"runtime": 318}}