{"train/loss": 35.36748109861862, "train/lr": 0.00047226444443940343, "train/num_steps": 2752, "train/cosine_sim_image_fc": 0.21816094774146413, "train/cosine_sim_image_2": 0.21121130779732106, "train/cosine_sim_image_3": 0.21902835091879203, "train/cosine_sim_image_4": 0.2696007708477419, "train/cosine_sim_image_5": 0.27297494127306826, "train/cosine_sim_image_6": 0.26235176414944406, "train/loss_mse_image_fc": 6.108117532824318e-05, "train/loss_mse_image_2": 4.108274524062222e-05, "train/loss_mse_image_3": 4.0675607314644666e-05, "train/loss_mse_image_4": 3.804162702709978e-05, "train/loss_mse_image_5": 3.7865889046157085e-05, "train/loss_mse_image_6": 3.8419179471147375e-05, "train/loss_mae_image_fc": 0.005854041126101862, "train/loss_mae_image_2": 0.0048482896337762125, "train/loss_mae_image_3": 0.004841683464947828, "train/loss_mae_image_4": 0.004749046194605356, "train/loss_mae_image_5": 0.004773522158651505, "train/loss_mae_image_6": 0.004808019695067128, "train/loss_clip_image_fc": 0.026090761516676393, "train/loss_clip_image_2": 0.01815958704452875, "train/loss_clip_image_3": 0.012623899410543747, "train/loss_clip_image_4": 0.009933214163580952, "train/loss_clip_image_5": 0.009289729544286465, "train/loss_clip_image_6": 0.009803195641007881, "train/loss_rec": 0.4739865023036336, "train/loss_cyc": 0.556959489403769, "val/val_loss": 470.516606648763, "val/val_num_steps": 192, "val/val_cosine_sim_image_fc": 0.20152998715639114, "val/val_cosine_sim_image_2": 0.1905885860323906, "val/val_cosine_sim_image_3": 0.19876227031151453, "val/val_cosine_sim_image_4": 0.24977165460586548, "val/val_cosine_sim_image_5": 0.2548843075831731, "val/val_cosine_sim_image_6": 0.24463778734207153, "val/val_loss_mse_image_fc": 6.238046626094729e-05, "val/val_loss_mse_image_2": 4.215684384689666e-05, "val/val_loss_mse_image_3": 4.17311318111994e-05, "val/val_loss_mse_image_4": 3.907439167960547e-05, "val/val_loss_mse_image_5": 3.8808111639809795e-05, "val/val_loss_mse_image_6": 3.934178372825651e-05, "val/val_loss_mae_image_fc": 0.00591868224243323, "val/val_loss_mae_image_2": 0.004897423631822069, "val/val_loss_mae_image_3": 0.004889592062681913, "val/val_loss_mae_image_4": 0.0048053689145793515, "val/val_loss_mae_image_5": 0.004824996537839373, "val/val_loss_mae_image_6": 0.004857373656705022, "val/val_loss_clip_image_fc": 0.7560306986172994, "val/val_loss_clip_image_2": 0.9858637452125549, "val/val_loss_clip_image_3": 0.8122859795888265, "val/val_loss_clip_image_4": 0.6876365393400192, "val/val_loss_clip_image_5": 0.6177879820267359, "val/val_loss_clip_image_6": 0.5756358851989111, "val/val_loss_rec": 0.43792156875133514, "val/val_loss_cyc": 0.17513622591892877, "_timestamp": 1721801240.2786365, "_runtime": 626.2327404022217, "_step": 31, "_wandb": {"runtime": 724}}