{"train/loss": 23.987088225608648, "train/lr": 0.0004971992962794572, "train/num_steps": 1806, "train/cosine_sim_image": 0.5027515791183295, "train/loss_mse_image": 0.7438097998153331, "train/loss_mae_image": 0.6746963560581207, "train/loss_nce_image": 2.161890366742777, "train/loss_rec": 0.18595145209584124, "train/loss_cyc": 0.016086645012851373, "val/val_loss": 25.327635447184246, "val/val_num_steps": 126, "val/val_cosine_sim_image": 0.4579285631577174, "val/val_loss_mse_image": 0.7867474059263865, "val/val_loss_mae_image": 0.6939389804999033, "val/val_loss_nce_image": 2.472009221712748, "val/val_loss_rec": 0.1750959778825442, "val/val_loss_cyc": 0.006191499608879288, "_timestamp": 1724917739.7283354, "_runtime": 3669.427678346634, "_step": 20, "_wandb": {"runtime": 3676}}