{"train/loss": 36.78958999278934, "train/lr": 0.0004262477388223249, "train/num_steps": 5461, "train/cosine_sim_image": 0.5970314269842103, "train/loss_nce_image": 0.015191837148957475, "train/loss_mse_image": 2.0987947167203285e-05, "train/loss_mae_image": 0.0029990013450557408, "train/loss_cos_image": 0.40296857301578964, "train/loss_rec": 0.4142308789630269, "train/loss_cyc": 0.08975537658430809, "train/fwd_pct_correct": 0.9979943633079529, "train/bwd_pct_correct": 0.9941344857215881, "val/loss": 59.9915574391683, "val/num_steps": 762, "val/cosine_sim_image": 0.5446018278598785, "val/loss_nce_image": 1.9014214873313904, "val/loss_mse_image": 2.3718655938864686e-05, "val/loss_mae_image": 0.0031741749262437224, "val/loss_cos_image": 0.45539817214012146, "val/loss_rec": 0.3820292353630066, "val/loss_cyc": 0.026294735570748646, "val/fwd_pct_correct": 0.6916666030883789, "val/bwd_pct_correct": 0.590833306312561, "_timestamp": 1721463944.0779943, "_runtime": 1647.9395742416382, "_step": 126, "_wandb": {"runtime": 1654}}