{"train/loss": 2.450724951056547, "train/lr": 0.00037180608565706697, "train/num_steps": 5934, "train/cosine_sim_image_fc": 0.7651970899382303, "train/cosine_sim_image_2": 0.6184693290743717, "train/cosine_sim_image_3": 0.6155515389386997, "train/cosine_sim_image_4": 0.5996563746485599, "train/cosine_sim_image_5": 0.5959737695926843, "train/cosine_sim_image_6": 0.6098221880058909, "train/cosine_sim_image_7": 0.5824640462564867, "train/cosine_sim_image_8": 0.58076490288557, "train/cosine_sim_image_9": 0.6033069976540499, "train/cosine_sim_image_10": 0.61692373905071, "train/loss_mse_image_fc": 1.8343978681937294e-05, "train/loss_mse_image_2": 1.987138990063063e-05, "train/loss_mse_image_3": 2.0023358195240414e-05, "train/loss_mse_image_4": 2.0851231965934858e-05, "train/loss_mse_image_5": 2.104303375956586e-05, "train/loss_mse_image_6": 2.032176186286622e-05, "train/loss_mse_image_7": 2.1746665266238228e-05, "train/loss_mse_image_8": 2.183516235798083e-05, "train/loss_mse_image_9": 2.066109458991018e-05, "train/loss_mse_image_10": 1.995188955164807e-05, "train/loss_mae_image_fc": 0.00323914204789109, "train/loss_mae_image_2": 0.0031940105836838484, "train/loss_mae_image_3": 0.003233086726584927, "train/loss_mae_image_4": 0.003326537653392311, "train/loss_mae_image_5": 0.0033840476345747363, "train/loss_mae_image_6": 0.0033504232320241455, "train/loss_mae_image_7": 0.003464215278062363, "train/loss_mae_image_8": 0.0034927639319713034, "train/loss_mae_image_9": 0.0033734573625288037, "train/loss_mae_image_10": 0.003284477081886211, "train/loss_clip_image_fc": 0.0, "train/loss_clip_image_2": 0.0, "train/loss_clip_image_3": 0.0, "train/loss_clip_image_4": 0.0, "train/loss_clip_image_5": 0.0, "train/loss_clip_image_6": 0.0, "train/loss_clip_image_7": 0.0, "train/loss_clip_image_8": 0.0, "train/loss_clip_image_9": 0.0, "train/loss_clip_image_10": 0.0, "train/loss_rec": 0.36738718491654065, "train/loss_cyc": 0.0034999548414245594, "val/val_loss": 2.757265329360962, "val/val_num_steps": 414, "val/val_cosine_sim_image_fc": 0.7332226634025574, "val/val_cosine_sim_image_2": 0.5716904501120249, "val/val_cosine_sim_image_3": 0.5672605733076731, "val/val_cosine_sim_image_4": 0.5415048996607462, "val/val_cosine_sim_image_5": 0.5315648317337036, "val/val_cosine_sim_image_6": 0.5445749859015147, "val/val_cosine_sim_image_7": 0.5035961121320724, "val/val_cosine_sim_image_8": 0.49716028074423474, "val/val_cosine_sim_image_9": 0.5259580612182617, "val/val_cosine_sim_image_10": 0.5526754856109619, "val/val_loss_mse_image_fc": 2.0841981495323125e-05, "val/val_loss_mse_image_2": 2.2307788943483804e-05, "val/val_loss_mse_image_3": 2.253851441006797e-05, "val/val_loss_mse_image_4": 2.3879953611564513e-05, "val/val_loss_mse_image_5": 2.439766619014942e-05, "val/val_loss_mse_image_6": 2.372005292272661e-05, "val/val_loss_mse_image_7": 2.5854370202675152e-05, "val/val_loss_mse_image_8": 2.6189569931981776e-05, "val/val_loss_mse_image_9": 2.468968583949997e-05, "val/val_loss_mse_image_10": 2.3298151972994674e-05, "val/val_loss_mae_image_fc": 0.003452014954139789, "val/val_loss_mae_image_2": 0.0033457286190241575, "val/val_loss_mae_image_3": 0.0033952377270907164, "val/val_loss_mae_image_4": 0.003526603919453919, "val/val_loss_mae_image_5": 0.0036124312706912556, "val/val_loss_mae_image_6": 0.0035930578984941044, "val/val_loss_mae_image_7": 0.003747903431455294, "val/val_loss_mae_image_8": 0.0038014878906930485, "val/val_loss_mae_image_9": 0.0036639226988578835, "val/val_loss_mae_image_10": 0.003523558028973639, "val/val_loss_clip_image_fc": 0.0, "val/val_loss_clip_image_2": 0.0, "val/val_loss_clip_image_3": 0.0, "val/val_loss_clip_image_4": 0.0, "val/val_loss_clip_image_5": 0.0, "val/val_loss_clip_image_6": 0.0, "val/val_loss_clip_image_7": 0.0, "val/val_loss_clip_image_8": 0.0, "val/val_loss_clip_image_9": 0.0, "val/val_loss_clip_image_10": 0.0, "val/val_loss_rec": 0.34319975475470227, "val/val_loss_cyc": 0.001226097714000692, "_timestamp": 1723539520.3892608, "_runtime": 4681.5436997413635, "_step": 68, "_wandb": {"runtime": 4773}}