{"train/loss": 2033.8217878069197, "train/lr": 6.721936868994546e-05, "train/num_steps": 5355, "train/cosine_sim_image_2": 0.5771864805902753, "train/cosine_sim_image_8": 0.5309506484440395, "train/cosine_sim_image_11": 0.7836587922913688, "train/loss_mse_image_2": 0.015229631481426103, "train/loss_mse_image_8": 0.1591368419783456, "train/loss_mse_image_11": 0.14365144116537912, "train/loss_mae_image_2": 0.09097465021269661, "train/loss_mae_image_8": 0.1591368419783456, "train/loss_mae_image_11": 0.290416944026947, "train/loss_nce_image_2": 5.999013723645891, "train/loss_nce_image_8": 4.922822890962873, "train/loss_nce_image_11": 6.160883113316127, "train/loss_rec": 0.4830734806401389, "train/loss_cyc": 0.02862339312476771, "val/val_loss": 2261.266845703125, "val/val_num_steps": 918, "val/val_cosine_sim_image_2": 0.557324101527532, "val/val_cosine_sim_image_8": 0.46718696753184, "val/val_cosine_sim_image_11": 0.7573632597923279, "val/val_loss_mse_image_2": 0.01578243573506673, "val/val_loss_mse_image_8": 0.04676834431787332, "val/val_loss_mse_image_11": 0.16214782496293387, "val/val_loss_mae_image_2": 0.09175570557514827, "val/val_loss_mae_image_8": 0.1656907026966413, "val/val_loss_mae_image_11": 0.3041321486234665, "val/val_loss_nce_image_2": 4.5719153881073, "val/val_loss_nce_image_8": 3.9161136945088706, "val/val_loss_nce_image_11": 4.7938235600789385, "val/val_loss_rec": 0.0, "val/val_loss_cyc": 0.0, "_timestamp": 1725104794.8390796, "_runtime": 3768.0730226039886, "_step": 152, "_wandb": {"runtime": 3770}}