{"train/loss": 34.49121164721112, "train/lr": 0.0025781448890582494, "train/num_steps": 6450, "train/cosine_sim_image": 0.5884858633196631, "train/loss_nce_image": 0.1214114151201969, "train/loss_mse_image": 2.1433029021779456e-05, "train/loss_cos_image": 0.4115141366803369, "train/loss_rec": 0.4748360157706017, "train/loss_cyc": 0.04346442326556805, "train/fwd_pct_correct": 0.9875444769859314, "train/bwd_pct_correct": 0.9480992555618286, "val/loss": 38.94354693094889, "val/num_steps": 450, "val/cosine_sim_image": 0.5597918728987376, "val/loss_nce_image": 1.7480904459953308, "val/loss_mse_image": 2.2927508325665258e-05, "val/loss_mae_image": 0.0030138049429903426, "val/loss_cos_image": 0.4402081271012624, "val/loss_rec": 0.43642017245292664, "val/loss_cyc": 0.012265732201437155, "val/fwd_pct_correct": 0.6983333826065063, "val/bwd_pct_correct": 0.5824999809265137, "_timestamp": 1721534790.1372561, "_runtime": 1299.526925086975, "_step": 74, "_wandb": {"runtime": 1326}}