{"train/loss": 34.03842118728993, "train/lr": 0.0009859885135313027, "train/num_steps": 5332, "train/cosine_sim_image": 0.5978803385135739, "train/loss_nce_image": 0.0639983979595262, "train/loss_mse_image": 2.0943733160979612e-05, "train/loss_cos_image": 0.4021196614864261, "train/loss_rec": 0.46147010111531545, "train/loss_cyc": 0.04316920332264069, "train/fwd_pct_correct": 0.9962385892868042, "train/bwd_pct_correct": 0.9695968627929688, "val/loss": 39.18612098693848, "val/num_steps": 372, "val/cosine_sim_image": 0.5635190506776174, "val/loss_nce_image": 1.9202591180801392, "val/loss_mse_image": 2.273338426069434e-05, "val/loss_mae_image": 0.0030092813928301134, "val/loss_cos_image": 0.4364809493223826, "val/loss_rec": 0.42094603180885315, "val/loss_cyc": 0.012365475296974182, "val/fwd_pct_correct": 0.6833333373069763, "val/bwd_pct_correct": 0.5558333396911621, "_timestamp": 1721533416.9443958, "_runtime": 846.9454808235168, "_step": 61, "_wandb": {"runtime": 857}}