{"train/loss": 2.4813041908796443, "train/lr": 0.0004446199207024507, "train/num_steps": 1462, "train/cosine_sim_image": 0.6161072489827178, "train/loss_nce_image": 0.0, "train/loss_mse_image": 1.999441553570525e-05, "train/loss_mae_image": 0.0, "train/loss_cos_image": 0.0, "train/loss_rec": 0.4770131048768066, "train/loss_cyc": 0.004849505372518717, "train/fwd_pct_correct": 0.48613250255584717, "train/bwd_pct_correct": 0.08874761313199997, "val/loss": 2.485934615135193, "val/num_steps": 204, "val/cosine_sim_image": 0.6095288395881653, "val/loss_nce_image": 0.0, "val/loss_mse_image": 2.0337040344505414e-05, "val/loss_mae_image": 0.0, "val/loss_cos_image": 0.0, "val/loss_rec": 0.4505757540464401, "val/loss_cyc": 0.001654773096864422, "val/fwd_pct_correct": 0.48499998450279236, "val/bwd_pct_correct": 0.1616666615009308, "_timestamp": 1721696448.0742438, "_runtime": 430.2626357078552, "_step": 33, "_wandb": {"runtime": 434}}