{"train/loss": 18.29453637259347, "train/lr": 0.0009702052650240651, "train/num_steps": 1610, "train/cosine_sim_image": 0.6212841595922197, "train/loss_mse_image": 0.4811363978045327, "train/loss_mae_image": 0.5307914427348546, "train/loss_nce_image": 3.164787769317627, "train/loss_rec": 0.18290915276323047, "train/loss_cyc": 0.016197396389075688, "val/val_loss": 20.38601239522298, "val/val_num_steps": 276, "val/val_cosine_sim_image": 0.5144285162289938, "val/val_loss_mse_image": 0.5761510829130808, "val/val_loss_mae_image": 0.5811614692211151, "val/val_loss_nce_image": 2.8749130964279175, "val/val_loss_rec": 0.17189957946538925, "val/val_loss_cyc": 0.004563317789385716, "_timestamp": 1724653995.8651419, "_runtime": 3273.865658760071, "_step": 45, "_wandb": {"runtime": 3322}}