{"train/loss": 239.4432177876317, "train/lr": 0.00020328181453207773, "train/num_steps": 4859, "train/cosine_sim_image_fc": 0.5112729627032613, "train/cosine_sim_image_2": 0.3868886821491774, "train/cosine_sim_image_3": 0.39169126402500065, "train/cosine_sim_image_4": 0.3985969597517058, "train/cosine_sim_image_5": 0.38467336463373764, "train/cosine_sim_image_6": 0.38155734885570614, "train/loss_mse_image_fc": 3.818180004262019e-05, "train/loss_mse_image_2": 3.193288191754999e-05, "train/loss_mse_image_3": 3.1682747946835535e-05, "train/loss_mse_image_4": 3.132307612632271e-05, "train/loss_mse_image_5": 3.2048263291958286e-05, "train/loss_mse_image_6": 3.221055614927156e-05, "train/loss_mae_image_fc": 0.003992908006144124, "train/loss_mae_image_2": 0.0034339216992605565, "train/loss_mae_image_3": 0.003457664279267192, "train/loss_mae_image_4": 0.0034074912898155838, "train/loss_mae_image_5": 0.0034606193603817807, "train/loss_mae_image_6": 0.003489425600787928, "train/loss_clip_image_fc": 0.024286328056870504, "train/loss_clip_image_2": 0.01209528018655472, "train/loss_clip_image_3": 0.007748124427920164, "train/loss_clip_image_4": 0.006429702195143977, "train/loss_clip_image_5": 0.006263556673603002, "train/loss_clip_image_6": 0.007299760042494813, "train/loss_rec": 0.47535799062529277, "train/loss_cyc": 0.3973507652449053, "val/val_loss": 679.7622985839844, "val/val_num_steps": 678, "val/val_cosine_sim_image_fc": 0.49279724558194477, "val/val_cosine_sim_image_2": 0.3605213711659114, "val/val_cosine_sim_image_3": 0.3650317390759786, "val/val_cosine_sim_image_4": 0.37146582702795666, "val/val_cosine_sim_image_5": 0.3580096314350764, "val/val_cosine_sim_image_6": 0.35650282104810077, "val/val_loss_mse_image_fc": 3.9625217444457426e-05, "val/val_loss_mse_image_2": 3.3306179223776176e-05, "val/val_loss_mse_image_3": 3.307126401826584e-05, "val/val_loss_mse_image_4": 3.2736155844759196e-05, "val/val_loss_mse_image_5": 3.343699912268979e-05, "val/val_loss_mse_image_6": 3.351547820784617e-05, "val/val_loss_mae_image_fc": 0.004041377843047182, "val/val_loss_mae_image_2": 0.0034668860801806054, "val/val_loss_mae_image_3": 0.0034943765106921396, "val/val_loss_mae_image_4": 0.003467658767476678, "val/val_loss_mae_image_5": 0.0035219397007798157, "val/val_loss_mae_image_6": 0.003545740735717118, "val/val_loss_clip_image_fc": 0.8358864585558573, "val/val_loss_clip_image_2": 0.9495912591616312, "val/val_loss_clip_image_3": 0.7884769439697266, "val/val_loss_clip_image_4": 0.6584584514300028, "val/val_loss_clip_image_5": 0.6049209932486216, "val/val_loss_clip_image_6": 0.5950657924016317, "val/val_loss_rec": 0.4391778806845347, "val/val_loss_cyc": 0.134201409916083, "_timestamp": 1721805208.8879223, "_runtime": 1970.377631187439, "_step": 112, "_wandb": {"runtime": 1979}}