{"train/loss": 34.52682069290516, "train/lr": 0.0014323595485228571, "train/num_steps": 2494, "train/cosine_sim_image": 0.5137132919111917, "train/loss_nce_image": 0.0, "train/loss_mse_image": 2.5327433514724173e-05, "train/loss_mae_image": 0.0031037965551191983, "train/loss_cos_image": 0.4862867080888083, "train/loss_rec": 0.4567640870809555, "train/loss_cyc": 0.013061410195172526, "train/fwd_pct_correct": 0.5791397094726562, "train/bwd_pct_correct": 0.2318742275238037, "val/loss": 34.936218897501625, "val/num_steps": 174, "val/cosine_sim_image": 0.5025361925363541, "val/loss_nce_image": 0.0, "val/loss_mse_image": 2.5909574408918463e-05, "val/loss_mae_image": 0.0031412129756063223, "val/loss_cos_image": 0.49746381243069965, "val/loss_rec": 0.4312816659609477, "val/loss_cyc": 0.004386690406439205, "val/fwd_pct_correct": 0.44583332538604736, "val/bwd_pct_correct": 0.17499999701976776, "_timestamp": 1721641658.0369065, "_runtime": 376.0716805458069, "_step": 28, "_wandb": {"runtime": 379}}