{"train/loss": 557480.1098214285, "train/lr": 0.0004317504237156016, "train/num_steps": 4270, "train/cosine_sim_text": 0.5609735080174038, "train/loss_nce_text": 55746.44408482143, "train/loss_mse_text": 0.7922062856810433, "train/loss_mae_text": 0.6659807937485831, "train/loss_rec": 0.6540847097124373, "train/loss_cyc": 0.421324474470956, "val/loss": 525860.3489583334, "val/num_steps": 732, "val/cosine_sim_text": 0.5586758255958557, "val/loss_nce_text": 52584.522135416664, "val/loss_mse_text": 0.7953568001588186, "val/loss_mae_text": 0.6671776870886484, "val/loss_rec": 0.3023693114519119, "val/loss_cyc": 0.18320906162261963, "_timestamp": 1723985581.875483, "_runtime": 4417.4770929813385, "_step": 121, "_wandb": {"runtime": 4425}}