{"train/loss": 23.123307361159213, "train/lr": 0.0004943550876412935, "train/num_steps": 2494, "train/cosine_sim_image": 0.5215600548788558, "train/loss_mse_image": 0.7246776070705679, "train/loss_mae_image": 0.6655597215475038, "train/loss_nce_image": 1.7759690187698187, "train/loss_rec": 0.17825143697649934, "train/loss_cyc": 0.019937497379561495, "val/val_loss": 25.40034770965576, "val/val_num_steps": 174, "val/val_cosine_sim_image": 0.45281565686066944, "val/val_loss_mse_image": 0.7916911840438843, "val/val_loss_mae_image": 0.6959201991558075, "val/val_loss_nce_image": 2.4337486028671265, "val/val_loss_rec": 0.1672688548763593, "val/val_loss_cyc": 0.006304651265963912, "_timestamp": 1724913934.692489, "_runtime": 5058.481369972229, "_step": 28, "_wandb": {"runtime": 5084}}