{"train/loss": 60.725050016891124, "train/lr": 0.00047182463779858286, "train/num_steps": 3354, "train/cosine_sim_image": 0.4818334621052409, "train/loss_nce_image": 1.80140890077103, "train/loss_mse_image": 2.698784098969935e-05, "train/loss_mae_image": 0.0032479426292919143, "train/loss_cos_image": 0.5181665378947591, "train/loss_rec": 0.43460053967875106, "train/loss_cyc": 0.11507508470568546, "train/fwd_pct_correct": 0.754947304725647, "train/bwd_pct_correct": 0.7649625539779663, "val/loss": 51.978284200032554, "val/num_steps": 468, "val/cosine_sim_image": 0.47446606556574505, "val/loss_nce_image": 0.9965281585852305, "val/loss_mse_image": 2.7371560160342295e-05, "val/loss_mae_image": 0.0032583654392510653, "val/loss_cos_image": 0.525533934434255, "val/loss_rec": 0.40426701804002124, "val/loss_cyc": 0.03605729776124159, "val/fwd_pct_correct": 0.8450000286102295, "val/bwd_pct_correct": 0.7541666030883789, "_timestamp": 1721462226.95936, "_runtime": 1016.2560467720032, "_step": 77, "_wandb": {"runtime": 1018}}