{"train/loss": 34.32058751305868, "train/lr": 0.0002662071607109988, "train/num_steps": 5762, "train/cosine_sim_image": 0.5919174524240716, "train/loss_nce_image": 0.091055745345562, "train/loss_mse_image": 2.1254300262689654e-05, "train/loss_mae_image": 0.0029129360661690317, "train/loss_cos_image": 0.40808254757592843, "train/loss_rec": 0.44955986079781557, "train/loss_cyc": 0.0536439495464397, "train/fwd_pct_correct": 0.9938465356826782, "train/bwd_pct_correct": 0.9552565217018127, "val/loss": 40.041802724202476, "val/num_steps": 402, "val/cosine_sim_image": 0.5583418309688568, "val/loss_nce_image": 2.297344923019409, "val/loss_mse_image": 2.3003029430886574e-05, "val/loss_mae_image": 0.0030141915194690228, "val/loss_cos_image": 0.4416581690311432, "val/loss_rec": 0.4081845780213674, "val/loss_cyc": 0.020370652433484793, "val/fwd_pct_correct": 0.6458333730697632, "val/bwd_pct_correct": 0.4866666793823242, "_timestamp": 1721543394.5468168, "_runtime": 883.266037940979, "_step": 66, "_wandb": {"runtime": 926}}