{"train/loss": 2.1951719550199287, "train/lr": 0.0004964111696317533, "train/num_steps": 430, "train/cosine_sim_image": 0.6937509303869203, "train/loss_nce_image": 0.0, "train/loss_mse_image": 1.59504734044678e-05, "train/loss_mae_image": 0.0, "train/loss_cos_image": 0.0, "train/loss_rec": 0.5876687252244284, "train/loss_cyc": 0.01245591808976822, "train/fwd_pct_correct": 0.0013812710531055927, "train/bwd_pct_correct": 0.0011993561638519168, "val/loss": 4.4322770436604815, "val/num_steps": 60, "val/cosine_sim_image": 0.25719445447127026, "val/loss_nce_image": 0.0, "val/loss_mse_image": 3.8687788522414244e-05, "val/loss_mae_image": 0.0, "val/loss_cos_image": 0.0, "val/loss_rec": 0.5601298908392588, "val/loss_cyc": 0.0033682712043325105, "val/fwd_pct_correct": 0.0033333334140479565, "val/bwd_pct_correct": 0.004999999888241291, "_timestamp": 1721717973.079406, "_runtime": 141.24684691429138, "_step": 9, "_wandb": {"runtime": 145}}