{"train/loss": 55.95937276440998, "train/lr": 0.0004977570467569766, "train/num_steps": 1634, "train/cosine_sim_image": 0.34428470287212104, "train/loss_mse_image": 0.8798726596111475, "train/loss_mae_image": 0.7353644890840664, "train/loss_nce_image": 396394.2972383721, "train/loss_rec": 0.6175436931987142, "train/loss_cyc": 0.03060805351408415, "val/val_loss": 54.051329930623375, "val/val_num_steps": 114, "val/val_cosine_sim_image": 0.35223017632961273, "val/val_loss_mse_image": 0.8756835261980692, "val/val_loss_mae_image": 0.733525425195694, "val/val_loss_nce_image": 232377.81510416666, "val/val_loss_rec": 0.5979988276958466, "val/val_loss_cyc": 0.010122107031444708, "_timestamp": 1724508237.5378273, "_runtime": 4450.842176198959, "_step": 18}