{"train/loss": 127.56899719238281, "train/lr": 0.00042831719575902634, "train/num_steps": 1785, "train/cosine_sim_image_2": 0.5336196660995484, "train/cosine_sim_image_3": 0.5137552074023656, "train/cosine_sim_image_4": 0.47605561869485036, "train/cosine_sim_image_8": 0.46157712851251875, "train/cosine_sim_image_11": 0.7624388183866229, "train/loss_mse_image_2": 0.016374490995492253, "train/loss_mse_image_3": 0.013246516670499529, "train/loss_mse_image_4": 0.013783683521406992, "train/loss_mse_image_8": 0.1658667985882078, "train/loss_mse_image_11": 0.15631783051150186, "train/loss_mae_image_2": 0.09276012416396823, "train/loss_mae_image_3": 0.08392040495361601, "train/loss_mae_image_4": 0.08651750023875918, "train/loss_mae_image_8": 0.1658667985882078, "train/loss_mae_image_11": 0.3012430931840624, "train/loss_nce_image_2": 5.938426576341901, "train/loss_nce_image_3": 5.812490599496024, "train/loss_nce_image_4": 5.565303884233747, "train/loss_nce_image_8": 5.503002616337367, "train/loss_nce_image_11": 6.532606724330357, "train/loss_rec": 0.5081905058452061, "train/loss_cyc": 0.003079711419663259, "val/val_loss": 120.38652801513672, "val/val_num_steps": 306, "val/val_cosine_sim_image_2": 0.5329591035842896, "val/val_cosine_sim_image_3": 0.5131476720174154, "val/val_cosine_sim_image_4": 0.47417140503724414, "val/val_cosine_sim_image_8": 0.4531199683745702, "val/val_cosine_sim_image_11": 0.7602235873540243, "val/val_loss_mse_image_2": 0.016352184116840363, "val/val_loss_mse_image_3": 0.013240779129167398, "val/val_loss_mse_image_4": 0.01380448400353392, "val/val_loss_mse_image_8": 0.04756518825888634, "val/val_loss_mse_image_11": 0.15749634305636087, "val/val_loss_mae_image_2": 0.09227391704916954, "val/val_loss_mae_image_3": 0.08349411065379779, "val/val_loss_mae_image_4": 0.08621844152609508, "val/val_loss_mae_image_8": 0.16650393853584924, "val/val_loss_mae_image_11": 0.30178800721963245, "val/val_loss_nce_image_2": 4.47770619392395, "val/val_loss_nce_image_3": 4.351219415664673, "val/val_loss_nce_image_4": 4.117711305618286, "val/val_loss_nce_image_8": 4.0865044593811035, "val/val_loss_nce_image_11": 4.995917399724324, "val/val_loss_rec": 0.48332591354846954, "val/val_loss_cyc": 0.0004005493149937441, "_timestamp": 1725281540.839127, "_runtime": 982.0733160972595, "_step": 50, "_wandb": {"runtime": 989}}