{"train/loss": 46.27069832938058, "train/lr": 0.0004974604497492927, "train/num_steps": 385, "train/cosine_sim_image_2": 0.3616670310497284, "train/cosine_sim_image_3": 0.32565341421536037, "train/cosine_sim_image_4": 0.2879496565886906, "train/cosine_sim_image_8": 0.30832843014172145, "train/cosine_sim_image_11": 0.7430980273655483, "train/loss_mse_image_2": 0.021980644336768558, "train/loss_mse_image_3": 0.01869503403348582, "train/loss_mse_image_4": 0.01933280575488295, "train/loss_mse_image_8": 0.17937742556844438, "train/loss_mse_image_11": 0.16737148591450282, "train/loss_mae_image_2": 0.10716007266725813, "train/loss_mae_image_3": 0.09921797875847135, "train/loss_mae_image_4": 0.10189540343625204, "train/loss_mae_image_8": 0.17937742556844438, "train/loss_mae_image_11": 0.3113375799996512, "train/loss_nce_image_2": 6.393510981968471, "train/loss_nce_image_3": 6.341924585614886, "train/loss_nce_image_4": 6.262176854269845, "train/loss_nce_image_8": 6.234931237357003, "train/loss_nce_image_11": 6.753395080566406, "train/loss_rec": 0.6222380535943167, "train/loss_cyc": 0.008803971271429742, "val/val_loss": 37.140902837117515, "val/val_num_steps": 66, "val/val_cosine_sim_image_2": 0.4281555811564128, "val/val_cosine_sim_image_3": 0.3972072998682658, "val/val_cosine_sim_image_4": 0.35514608522256214, "val/val_cosine_sim_image_8": 0.35480839014053345, "val/val_cosine_sim_image_11": 0.7497534354527792, "val/val_loss_mse_image_2": 0.019090902370711166, "val/val_loss_mse_image_3": 0.015788504232962925, "val/val_loss_mse_image_4": 0.016389095224440098, "val/val_loss_mse_image_8": 0.05268423445522785, "val/val_loss_mse_image_11": 0.16326908270517984, "val/val_loss_mae_image_2": 0.09726524725556374, "val/val_loss_mae_image_3": 0.088730172564586, "val/val_loss_mae_image_4": 0.09172382081548373, "val/val_loss_mae_image_8": 0.1732075090209643, "val/val_loss_mae_image_11": 0.30673424899578094, "val/val_loss_nce_image_2": 4.714810371398926, "val/val_loss_nce_image_3": 4.643804311752319, "val/val_loss_nce_image_4": 4.543952465057373, "val/val_loss_nce_image_8": 4.547999779383342, "val/val_loss_nce_image_11": 5.1720114549001055, "val/val_loss_rec": 0.0, "val/val_loss_cyc": 0.0, "_timestamp": 1725279274.502924, "_runtime": 217.20789289474487, "_step": 10, "_wandb": {"runtime": 224}}