{"train/loss": 34.62051936558315, "train/lr": 0.0004950035889809248, "train/num_steps": 735, "train/cosine_sim_text": 0.3248086358819689, "train/loss_nce_text": 4.014021158218384, "train/loss_mse_text": 2.2835206151025237e-05, "train/loss_mae_text": 0.0023676975497177667, "train/loss_rec": 0.48816315276282174, "train/loss_cyc": 0.14381802592958723, "val/loss": 31.51205062866211, "val/num_steps": 126, "val/cosine_sim_text": 0.3289947658777237, "val/loss_nce_text": 2.8763444821039834, "val/loss_mse_text": 2.2693629640950046e-05, "val/loss_mae_text": 0.002324945875443518, "val/loss_rec": 0.2012160395582517, "val/loss_cyc": 0.039323641608158745, "_timestamp": 1721134385.8089008, "_runtime": 436.7084147930145, "_step": 20}