{"train/loss": 17.527315848214286, "train/lr": 0.0004861618012572611, "train/num_steps": 1925, "train/cosine_sim_text": 0.8091458865574428, "train/loss_nce_text": 2.7650417600359236, "train/loss_mse_text": 4.841066350179193e-06, "train/loss_mae_text": 0.0010963611038667814, "train/loss_rec": 0.4402879774570465, "train/loss_cyc": 0.10922675813947405, "val/loss": 19.589976628621418, "val/num_steps": 330, "val/cosine_sim_text": 0.7983345687389374, "val/loss_nce_text": 3.6502766211827598, "val/loss_mse_text": 5.11529621386823e-06, "val/loss_mae_text": 0.0011540430326325197, "val/loss_rec": 0.18464113026857376, "val/loss_cyc": 0.05282184978326162, "_timestamp": 1723889131.0519826, "_runtime": 2866.9872286319733, "_step": 54}