{"train/loss": 36.1468804825184, "train/lr": 0.0013733064723692075, "train/num_steps": 4988, "train/cosine_sim_image": 0.6012570151062899, "train/loss_nce_image": 0.12051651852075444, "train/loss_mse_image": 2.0767864635820653e-05, "train/loss_mae_image": 0.002931394275862637, "train/loss_cos_image": 0.39874298489371013, "train/loss_rec": 0.46829296059386677, "train/loss_cyc": 0.05939558074744635, "train/fwd_pct_correct": 0.9881485104560852, "train/bwd_pct_correct": 0.9454262256622314, "val/loss": 41.46664301554362, "val/num_steps": 348, "val/cosine_sim_image": 0.5684962968031565, "val/loss_nce_image": 2.09290079275767, "val/loss_mse_image": 2.2474152501672506e-05, "val/loss_mae_image": 0.0030271683741981783, "val/loss_cos_image": 0.43150370319684345, "val/loss_rec": 0.4318653146425883, "val/loss_cyc": 0.014839579661687216, "val/fwd_pct_correct": 0.6541666984558105, "val/bwd_pct_correct": 0.5224999785423279, "_timestamp": 1721544282.8342752, "_runtime": 788.7820031642914, "_step": 57, "_wandb": {"runtime": 808}}