{"train/loss": 15.456148747035435, "train/lr": 0.0009537088932217952, "train/num_steps": 1995, "train/cosine_sim_image": 0.651853266784123, "train/loss_mse_image": 0.45092489804540364, "train/loss_mae_image": 0.5139721666063581, "train/loss_nce_image": 1.103916759150369, "train/loss_rec": 0.17435933777264187, "train/loss_cyc": 0.01965286529489926, "val/val_loss": 19.483008066813152, "val/val_num_steps": 342, "val/val_cosine_sim_image": 0.5120878914992014, "val/val_loss_mse_image": 0.5795890788237253, "val/val_loss_mae_image": 0.5822571118672689, "val/val_loss_nce_image": 1.8946136633555095, "val/val_loss_rec": 0.16795301189025244, "val/val_loss_cyc": 0.0060892003433158, "_timestamp": 1724853495.8084671, "_runtime": 4009.0267601013184, "_step": 56, "_wandb": {"runtime": 4022}}