{"train/loss": 121.69164853777204, "train/lr": 0.0009994404673002372, "train/num_steps": 280, "train/cosine_sim_image": -0.18392022635255542, "train/loss_mse_image": 0.0, "train/loss_mae_image": 0.0, "train/loss_kl_image": 1142.507305908203, "train/loss_nce_image": 6.789104202815465, "train/loss_rec": 0.25970289196286883, "train/loss_cyc": 0.3921083543981825, "val/val_loss": 32.88641802469889, "val/val_num_steps": 48, "val/val_cosine_sim_image": -0.1839958851536115, "val/val_loss_mse_image": 0.0, "val/val_loss_mae_image": 0.0, "val/val_loss_kl_image": 272.63884989420575, "val/val_loss_nce_image": 5.227169513702393, "val/val_loss_rec": 0.23569888869921365, "val/val_loss_cyc": 0.159662044296662, "_timestamp": 1724984508.2163508, "_runtime": 560.2067186832428, "_step": 7, "_wandb": {"runtime": 566}}