{"train/loss": 32.40638983590262, "train/lr": 0.0002925634041472655, "train/num_steps": 1120, "train/cosine_sim_text": 0.3645135062081473, "train/loss_nce_text": 3.270656830923898, "train/loss_mse_text": 2.149237422729909e-05, "train/loss_mae_text": 0.0023092076182365416, "train/loss_rec": 0.4783662472452436, "train/loss_cyc": 0.14539639715637478, "val/loss": 31.539679209391277, "val/num_steps": 192, "val/cosine_sim_text": 0.36062097549438477, "val/loss_nce_text": 3.096311926841736, "val/loss_mse_text": 2.1624019912754495e-05, "val/loss_mae_text": 0.002293481297480563, "val/loss_rec": 0.19707905252774557, "val/loss_cyc": 0.05276156154771646, "_timestamp": 1721109756.645746, "_runtime": 2314.7649788856506, "_step": 31, "_wandb": {"runtime": 2522}}