{"train/loss": 109.09160649819495, "train/lr": 0.0002989242390568223, "train/num_steps": 5817, "train/cosine_sim_embedding": 0.7655844567915162, "train/ms_ssim_image": 0.27206167503384476, "train/loss_mae_image": 0.2358543864226083, "train/loss_rec": 0.42540277556822187, "train/loss_cyc": 0.0029043308257491796, "train/loss_ms_ssim_image": 0.7279286298510831, "train/loss_mse_embedding": 0.39624464124548736, "val/loss": 111.61666666666666, "val/num_steps": 315, "val/cosine_sim_embedding": 0.7581380208333334, "val/ms_ssim_image": 0.25906575520833336, "val/loss_mae_image": 0.24829915364583333, "val/loss_rec": 0.4154701828956604, "val/loss_cyc": 0.0013226300710812212, "val/loss_ms_ssim_image": 0.7409830729166667, "val/loss_mse_embedding": 0.411181640625, "_timestamp": 1721296929.7571642, "_runtime": 6624.773282289505, "_step": 20, "_wandb": {"runtime": 6817}}