{"train/loss": 105.64204545454545, "train/lr": 0.0004999552485751675, "train/num_steps": 1430, "train/cosine_sim_embedding": 0.5174261773382867, "train/ms_ssim_image": 0.27728911713286714, "train/loss_mae_image": 0.27271446814903844, "train/loss_ms_ssim_image": 0.7227177119755245, "train/loss_mse_embedding": 0.4056900131118881, "val/loss": 104.95, "val/num_steps": 75, "val/cosine_sim_embedding": 0.5217936197916667, "val/ms_ssim_image": 0.2829182942708333, "val/loss_mae_image": 0.267626953125, "val/loss_ms_ssim_image": 0.7169921875, "val/loss_mse_embedding": 0.4044270833333333, "_timestamp": 1721273151.7794685, "_runtime": 2222.2839624881744, "_step": 4, "_wandb": {"runtime": 2639}}