{"train/loss": 15.1003050667899, "train/lr": 9.337965963518546e-06, "train/num_steps": 15995, "train/cosine_sim_text": 0.866060973916735, "train/loss_nce_text": 0.021780654731472688, "train/loss_mse_text": 4.5298669647309e-06, "train/loss_mae_text": 0.0013905625723834548, "train/loss_rec": 0.41469292214938575, "train/loss_cyc": 0.08741244205406734, "val/loss": 108.01253255208333, "val/num_steps": 2742, "val/cosine_sim_text": 0.7168752749760946, "val/loss_nce_text": 7.705525954564412, "val/loss_mse_text": 9.575375770509709e-06, "val/loss_mae_text": 0.002211490374368926, "val/loss_rec": 0.16483296950658163, "val/loss_cyc": 0.014475127526869377, "_timestamp": 1721212586.062647, "_runtime": 25101.886676073074, "_step": 456}