{"train/loss": 13.11815368107387, "train/lr": 1.0000000000000002e-06, "train/num_steps": 7000, "train/cosine_sim_image": 0.6016676817621504, "train/cosine_sim_image_norm": 0.6016677328518458, "train/loss_mse_image": 0.4988739149911063, "train/loss_mse_image_norm": 5.265602963585739e-06, "train/loss_mae_image": 0.5382334641047887, "train/loss_mae_image_norm": 0.001745804219639727, "train/loss_nce_image": 1864.1024623325893, "train/loss_nce_image_norm": 0.04668940297727074, "train/loss_rec": 0.37884528722081867, "train/loss_cyc": 0.03053960848067488, "val/val_loss": 21.692552248636883, "val/val_num_steps": 1200, "val/val_cosine_sim_image": 0.3797256797552109, "val/val_cosine_sim_image_norm": 0.494889035820961, "val/val_loss_mse_image": 0.5986365179220835, "val/val_loss_mse_image_norm": 6.677122958838784e-06, "val/val_loss_mae_image": 0.5901210606098175, "val/val_loss_mae_image_norm": 0.001966930169146508, "val/val_loss_nce_image": 290637.0729166667, "val/val_loss_nce_image_norm": 3.9058055877685547, "val/val_loss_rec": 0.3492119659980138, "val/val_loss_cyc": 0.0089456457644701, "_timestamp": 1724425438.346698, "_runtime": 27614.97771716118, "_step": 199, "_wandb": {"runtime": 27644}}