{"train/loss": 48.07594933620719, "train/lr": 0.00043441373228418883, "train/num_steps": 8256, "train/cosine_sim_image": 0.44775077769922655, "train/loss_mse_image": 0.7977568618086881, "train/loss_mae_image": 0.6999331033507059, "train/loss_nce_image": 69363.0910247093, "train/loss_rec": 0.4874850934328035, "train/loss_cyc": 0.007659533943677711, "val/val_loss": 50.50167465209961, "val/val_num_steps": 576, "val/val_cosine_sim_image": 0.4339350610971451, "val/val_loss_mse_image": 0.8100146055221558, "val/val_loss_mae_image": 0.705193410317103, "val/val_loss_nce_image": 247882.02864583334, "val/val_loss_rec": 0.46733898917833966, "val/val_loss_cyc": 0.0028497570116693773, "_timestamp": 1724495926.7954805, "_runtime": 22550.734057426453, "_step": 95}