{"train/loss": 147.3640734265734, "train/lr": 0.0003, "train/num_steps": 572, "train/cosine_sim_embedding": 0.4730788010817308, "train/ms_ssim_image": 0.20224319137893357, "train/loss_mae_image": 0.42438128277972026, "train/loss_ms_ssim_image": 0.7977491258741258, "train/loss_mse_embedding": 0.7356178977272727, "val/loss": 137.0, "val/num_steps": 30, "val/cosine_sim_embedding": 0.48463541666666665, "val/ms_ssim_image": 0.225830078125, "val/loss_mae_image": 0.40576171875, "val/loss_ms_ssim_image": 0.7741861979166667, "val/loss_mse_embedding": 0.6548177083333333, "_timestamp": 1721267119.031178, "_runtime": 986.7025570869446, "_step": 1, "_wandb": {"runtime": 1239}}