{"train/loss": 27.68501706804548, "train/lr": 0.0004999950274875398, "train/num_steps": 105, "train/cosine_sim_text": 0.7656756503241403, "train/loss_nce_text": 6.927101530347552, "train/loss_mse_text": 5.94369991761466e-06, "train/loss_mae_text": 0.0012426136693518078, "train/loss_rec": 0.6489766802106585, "train/loss_cyc": 0.16133028055940354, "val/loss": 23.225610097249348, "val/num_steps": 18, "val/cosine_sim_text": 0.7701128025849661, "val/loss_nce_text": 5.126980384190877, "val/loss_mse_text": 5.831148655488505e-06, "val/loss_mae_text": 0.001206231148292621, "val/loss_rec": 0.2969787170489629, "val/loss_cyc": 0.02924435678869486, "_timestamp": 1723878644.1085868, "_runtime": 149.35294675827026, "_step": 2}