{"train/loss": 2.3936488739279813, "train/lr": 0.00043062804544165387, "train/num_steps": 3268, "train/cosine_sim_image": 0.6160580176253652, "train/loss_nce_image": 0.0, "train/loss_mse_image": 1.9996979126306034e-05, "train/loss_mae_image": 0.0, "train/loss_cos_image": 0.0, "train/loss_rec": 0.38809543016345, "train/loss_cyc": 0.00585554099403495, "train/fwd_pct_correct": 0.9664306640625, "train/bwd_pct_correct": 0.598408043384552, "val/loss": 2.5639825661977134, "val/num_steps": 228, "val/cosine_sim_image": 0.5786342124144236, "val/loss_nce_image": 0.0, "val/loss_mse_image": 2.1946136863941017e-05, "val/loss_mae_image": 0.0, "val/loss_cos_image": 0.0, "val/loss_rec": 0.36734236280123395, "val/loss_cyc": 0.0020264668467765055, "val/fwd_pct_correct": 0.6983332633972168, "val/bwd_pct_correct": 0.3725000321865082, "_timestamp": 1721724736.1755424, "_runtime": 574.226279258728, "_step": 37, "_wandb": {"runtime": 581}}