{"train/loss": 2.266254264254903, "train/lr": 0.00041927656827877273, "train/num_steps": 3526, "train/cosine_sim_image": 0.6395452847314436, "train/loss_nce_image": 0.0, "train/loss_mse_image": 1.8773684005705142e-05, "train/loss_mae_image": 0.0, "train/loss_cos_image": 0.0, "train/loss_rec": 0.38335612970729205, "train/loss_cyc": 0.0055297346850640555, "train/fwd_pct_correct": 0.9819652438163757, "train/bwd_pct_correct": 0.7878572344779968, "val/loss": 2.4387988646825156, "val/num_steps": 246, "val/cosine_sim_image": 0.6016271412372589, "val/loss_nce_image": 0.0, "val/loss_mse_image": 2.0748586697057665e-05, "val/loss_mae_image": 0.0, "val/loss_cos_image": 0.0, "val/loss_rec": 0.36191876232624054, "val/loss_cyc": 0.0020213806031582258, "val/fwd_pct_correct": 0.71833336353302, "val/bwd_pct_correct": 0.4775000214576721, "_timestamp": 1721733072.154604, "_runtime": 767.4437620639801, "_step": 40}