{"train/loss": 60.96622733182685, "train/lr": 0.0002752021348683569, "train/num_steps": 6966, "train/cosine_sim_image": 0.6821846074836199, "train/loss_nce_image": 0.0012516431346697107, "train/loss_mse_image": 1.6552886399738274e-05, "train/loss_cos_image": 0.31781539251638014, "train/loss_rec": 0.4449840250403382, "train/loss_cyc": 0.06923938789513222, "train/fwd_pct_correct": 0.999941885471344, "train/bwd_pct_correct": 0.9992241263389587, "val/loss": 78.15259170532227, "val/num_steps": 486, "val/cosine_sim_image": 0.5910924474398295, "val/loss_nce_image": 2.6233174006144204, "val/loss_mse_image": 2.1297268782897543e-05, "val/loss_cos_image": 0.4089075525601705, "val/loss_rec": 0.4050874362389247, "val/loss_cyc": 0.018696877174079418, "val/fwd_pct_correct": 0.7041666507720947, "val/bwd_pct_correct": 0.4958333671092987, "_timestamp": 1721531009.7973351, "_runtime": 1665.2291550636292, "_step": 80, "_wandb": {"runtime": 1692}}