{"train/loss": 28.709131931436474, "train/lr": 0.0002323710431743033, "train/num_steps": 3074, "train/cosine_sim_text": 0.45202351078904907, "train/loss_nce_text": 2.2493220197743384, "train/loss_mse_text": 1.8532756320351397e-05, "train/loss_mae_text": 0.0021795422232163877, "train/loss_rec": 0.4389215086040826, "train/loss_cyc": 0.12286843128245452, "val/loss": 32.04208787282308, "val/num_steps": 318, "val/cosine_sim_text": 0.43504952390988666, "val/loss_nce_text": 3.806806723276774, "val/loss_mse_text": 1.910682052160458e-05, "val/loss_mae_text": 0.0022304640151560307, "val/loss_rec": 0.17994090418020883, "val/loss_cyc": 0.033211175352334976, "_timestamp": 1721123423.3503954, "_runtime": 2802.6092953681946, "_step": 52}