{"train/loss": 1.8835179888924887, "train/lr": 1.0000000000000002e-06, "train/num_steps": 6450, "train/cosine_sim_image": 0.7193067198575929, "train/loss_nce_image": 0.0, "train/loss_mse_image": 1.4619442629546663e-05, "train/loss_mae_image": 0.0, "train/loss_cos_image": 0.0, "train/loss_rec": 0.4201960563659668, "train/loss_cyc": 0.0013776699021501944, "train/fwd_pct_correct": 0.08484860509634018, "train/bwd_pct_correct": 0.0034742935094982386, "val/loss": 1.9115676681200664, "val/num_steps": 900, "val/cosine_sim_image": 0.7084778050581614, "val/loss_nce_image": 0.0, "val/loss_mse_image": 1.5183448491976984e-05, "val/loss_mae_image": 0.0, "val/loss_cos_image": 0.0, "val/loss_rec": 0.3926987250645955, "val/loss_cyc": 0.0005240332538960502, "val/fwd_pct_correct": 0.07083334028720856, "val/bwd_pct_correct": 0.009999999776482582, "_timestamp": 1721720583.3358922, "_runtime": 2487.0638802051544, "_step": 149, "_wandb": {"runtime": 2493}}