{"train/loss": 5.685972468797551, "train/lr": 0.0010452617587373095, "train/num_steps": 4902, "train/cosine_sim_image": 0.6720052153565163, "train/loss_nce_image": 0.0, "train/loss_mse_image": 1.708306292637771e-05, "train/loss_mae_image": 0.002930340454588796, "train/loss_cos_image": 0.3279947846434837, "train/loss_rec": 0.39656284070292186, "train/loss_cyc": 0.008121426163111315, "train/fwd_pct_correct": 0.9980408549308777, "train/bwd_pct_correct": 0.9420073628425598, "val/loss": 6.608644247055054, "val/num_steps": 342, "val/cosine_sim_image": 0.610752522945404, "val/loss_nce_image": 0.0, "val/loss_mse_image": 2.027330871593828e-05, "val/loss_mae_image": 0.0031294936391835413, "val/loss_cos_image": 0.38924747705459595, "val/loss_rec": 0.3726386974255244, "val/loss_cyc": 0.00325044426911821, "val/fwd_pct_correct": 0.6958333849906921, "val/bwd_pct_correct": 0.49916669726371765, "_timestamp": 1721646426.300931, "_runtime": 939.4805600643158, "_step": 56}