{"train/loss": 10.481418886850047, "train/lr": 0.0004990260176648294, "train/num_steps": 1376, "train/cosine_sim_image": 0.6379781497079272, "train/loss_nce_image": 5.144217934719352, "train/loss_mse_image": 3.6683474115497394e-06, "train/loss_mae_image": 0.0014645257195847671, "train/loss_rec": 0.1880409060869106, "train/loss_cyc": 0.01628685941876367, "val/loss": 10.172445297241211, "val/num_steps": 96, "val/cosine_sim_image": 0.6244022051493326, "val/loss_nce_image": 4.691849708557129, "val/loss_mse_image": 3.8059116604927112e-06, "val/loss_mae_image": 0.0014889558078721166, "val/loss_rec": 0.17784724136193594, "val/loss_cyc": 0.007880712316061059, "_timestamp": 1724674111.3530092, "_runtime": 2355.015260219574, "_step": 15, "_wandb": {"runtime": 2428}}