{"train/loss": 138.2886179546977, "train/lr": 0.0004988702446819846, "train/num_steps": 688, "train/cosine_sim_image_fc": 0.00817275740379511, "train/cosine_sim_image_2": 0.0004743587139040925, "train/cosine_sim_image_3": 0.0004580510390359302, "train/cosine_sim_image_4": 0.0003960834772780884, "train/cosine_sim_image_5": 0.0003633660719145176, "train/cosine_sim_image_6": 0.00038084366120571313, "train/loss_mse_image_fc": 2.3046797777656032e-05, "train/loss_mse_image_2": 0.0015204720643110746, "train/loss_mse_image_3": 0.001521952792753054, "train/loss_mse_image_4": 0.0015218903954942213, "train/loss_mse_image_5": 0.0015229073997457014, "train/loss_mse_image_6": 0.001523013728898192, "train/loss_mae_image_fc": 0.003608211666497207, "train/loss_mae_image_2": 0.031000542909253474, "train/loss_mae_image_3": 0.031015667262985262, "train/loss_mae_image_4": 0.031014648764285932, "train/loss_mae_image_5": 0.03102570588072372, "train/loss_mae_image_6": 0.03102652548790671, "train/loss_clip_image_fc": 0.0, "train/loss_clip_image_2": 0.0, "train/loss_clip_image_3": 0.0, "train/loss_clip_image_4": 0.0, "train/loss_clip_image_5": 0.0, "train/loss_clip_image_6": 0.0, "train/loss_rec": 0.7132020994674327, "train/loss_cyc": 0.007326508049181727, "val/val_loss": 5.667642990748088, "val/val_num_steps": 48, "val/val_cosine_sim_image_fc": 0.11760111649831136, "val/val_cosine_sim_image_2": 0.038160612185796104, "val/val_cosine_sim_image_3": 0.03720872104167938, "val/val_cosine_sim_image_4": 0.03240241358677546, "val/val_cosine_sim_image_5": 0.029437042772769928, "val/val_cosine_sim_image_6": 0.030941327412923176, "val/val_loss_mse_image_fc": 2.290504562552087e-05, "val/val_loss_mse_image_2": 5.06975842048026e-05, "val/val_loss_mse_image_3": 5.09000098342464e-05, "val/val_loss_mse_image_4": 5.185720268248891e-05, "val/val_loss_mse_image_5": 5.2406371954324037e-05, "val/val_loss_mse_image_6": 5.221126048127189e-05, "val/val_loss_mae_image_fc": 0.003593294764868915, "val/val_loss_mae_image_2": 0.00556746544316411, "val/val_loss_mae_image_3": 0.0055835967262585955, "val/val_loss_mae_image_4": 0.005640513263642788, "val/val_loss_mae_image_5": 0.005682306286568443, "val/val_loss_mae_image_6": 0.005683205168073376, "val/val_loss_clip_image_fc": 0.0, "val/val_loss_clip_image_2": 0.0, "val/val_loss_clip_image_3": 0.0, "val/val_loss_clip_image_4": 0.0, "val/val_loss_clip_image_5": 0.0, "val/val_loss_clip_image_6": 0.0, "val/val_loss_rec": 0.6812845170497894, "val/val_loss_cyc": 0.0008902677606480817, "_timestamp": 1723528164.573862, "_runtime": 196.48165798187256, "_step": 7, "_wandb": {"runtime": 202}}