{"train/loss": 33.152762314368935, "train/lr": 0.0002466544217214382, "train/num_steps": 1392, "train/cosine_sim_text": 0.339639190969796, "train/loss_nce_text": 3.426893312355568, "train/loss_mse_text": 2.2333632528145622e-05, "train/loss_mae_text": 0.00234597592999966, "train/loss_rec": 0.4845709913763507, "train/loss_cyc": 0.12128224801914446, "val/loss": 31.469455401102703, "val/num_steps": 144, "val/cosine_sim_text": 0.3403695424397786, "val/loss_nce_text": 2.9436048666636148, "val/loss_mse_text": 2.230893005616963e-05, "val/loss_mae_text": 0.002311746822670102, "val/loss_rec": 0.197953591744105, "val/loss_cyc": 0.035930818878114223, "_timestamp": 1721131363.2377772, "_runtime": 1366.122402191162, "_step": 23, "_wandb": {"runtime": 1394}}