{"train/loss": 28.468057500905005, "train/lr": 0.00023099809473323864, "train/num_steps": 3190, "train/cosine_sim_text": 0.45832080111421386, "train/loss_nce_text": 2.1915667242017287, "train/loss_mse_text": 1.8319779569694597e-05, "train/loss_mae_text": 0.0021698593426945395, "train/loss_rec": 0.43668484328121976, "train/loss_cyc": 0.11766767052227053, "val/loss": 32.44735018412272, "val/num_steps": 330, "val/cosine_sim_text": 0.4422772030035655, "val/loss_nce_text": 4.012929201126099, "val/loss_mse_text": 1.8862377752763376e-05, "val/loss_mae_text": 0.0022327409824356437, "val/loss_rec": 0.1800698091586431, "val/loss_cyc": 0.027774584169189136, "_timestamp": 1721126679.1471937, "_runtime": 2912.2716166973114, "_step": 54}