{"train/loss": 34.49159755263218, "train/lr": 0.0009992458127087774, "train/num_steps": 10234, "train/cosine_sim_image": 0.631360819866491, "train/loss_nce_image": 0.0, "train/loss_mse_image": 1.919995833473919e-05, "train/loss_mae_image": 0.0028420709598766165, "train/loss_cos_image": 0.3686391801335091, "train/loss_rec": 0.4465535698935043, "train/loss_cyc": 0.01794669042926195, "train/fwd_pct_correct": 0.9961628317832947, "train/bwd_pct_correct": 0.8969862461090088, "val/loss": 37.122275034586586, "val/num_steps": 714, "val/cosine_sim_image": 0.572260856628418, "val/loss_nce_image": 0.0, "val/loss_mse_image": 2.2278080602215294e-05, "val/loss_mae_image": 0.0030201857055847845, "val/loss_cos_image": 0.42773914337158203, "val/loss_rec": 0.41024738053480786, "val/loss_cyc": 0.004970360857745011, "val/fwd_pct_correct": 0.5950000286102295, "val/bwd_pct_correct": 0.39249998331069946, "_timestamp": 1721546545.1836448, "_runtime": 2206.791413784027, "_step": 118, "_wandb": {"runtime": 2224}}