{"train/loss": 21.157705201043022, "train/lr": 0.00024746553871830026, "train/num_steps": 2736, "train/cosine_sim_text": 0.6591263314088186, "train/loss_nce_text": 0.09033273263937897, "train/loss_mse_text": 1.1528467843567745e-05, "train/loss_mae_text": 0.001841973345209327, "train/loss_rec": 0.43817290994856095, "train/loss_cyc": 0.15329218490256202, "val/loss": 101.80056508382161, "val/num_steps": 912, "val/cosine_sim_text": 0.5688574413458506, "val/loss_nce_text": 7.043776671091716, "val/loss_mse_text": 1.458139058740926e-05, "val/loss_mae_text": 0.0022648565160731473, "val/loss_rec": 0.18395317842562994, "val/loss_cyc": 0.02836544346064329, "_timestamp": 1721176963.013939, "_runtime": 3183.649053812027, "_step": 151, "_wandb": {"runtime": 3196}}