{"train/loss": 27.346118818010602, "train/lr": 0.0004725474205203114, "train/num_steps": 2695, "train/cosine_sim_text": 0.5028163066932133, "train/loss_nce_text": 2.157656168937683, "train/loss_mse_text": 1.6814925818055468e-05, "train/loss_mae_text": 0.0020803607401571104, "train/loss_rec": 0.43797604526792255, "train/loss_cyc": 0.1077306079013007, "val/loss": 32.49169413248698, "val/num_steps": 462, "val/cosine_sim_text": 0.4826158583164215, "val/loss_nce_text": 4.155199607213338, "val/loss_mse_text": 1.7498110234252334e-05, "val/loss_mae_text": 0.0022231661326562366, "val/loss_rec": 0.17432244370381036, "val/loss_cyc": 0.025499387954672176, "_timestamp": 1721185166.9903362, "_runtime": 1594.850958108902, "_step": 76}