{"train/loss": 47.00917096819197, "train/lr": 0.0005, "train/num_steps": 70, "train/cosine_sim_text": 0.24297136877264294, "train/loss_nce_text": 6.589941447121756, "train/loss_mse_text": 2.5602970345062205e-05, "train/loss_mae_text": 0.0030343506086085523, "train/loss_rec": 0.7151851058006287, "train/loss_cyc": 0.21030019564288002, "val/loss": 40.70768292744955, "val/num_steps": 12, "val/cosine_sim_text": 0.24950266629457474, "val/loss_nce_text": 4.535986582438151, "val/loss_mse_text": 2.538207960848619e-05, "val/loss_mae_text": 0.0028733301054065428, "val/loss_rec": 0.3109400620063146, "val/loss_cyc": 0.05326109193265438, "_timestamp": 1721186627.1053178, "_runtime": 44.11596989631653, "_step": 1}