{"train/loss": 292.5834497912177, "train/lr": 0.0009330394968114625, "train/num_steps": 2465, "train/cosine_sim_image": 0.5736872821018614, "train/loss_nce_image": 0.00470995319332799, "train/loss_mse_image": 2.220378908156096e-05, "train/loss_mae_image": 0.002854541658648643, "train/loss_cos_image": 0.4263127178981386, "train/loss_rec": 0.4747015289191542, "train/loss_cyc": 0.11926614672973238, "train/fwd_pct_correct": 0.9998276233673096, "train/bwd_pct_correct": 0.9984227418899536, "val/loss": 342.43549092610675, "val/num_steps": 510, "val/cosine_sim_image": 0.5054215540488561, "val/loss_nce_image": 2.1497153838475547, "val/loss_mse_image": 2.5759295264530618e-05, "val/loss_mae_image": 0.0031080338715886078, "val/loss_cos_image": 0.49457845091819763, "val/loss_rec": 0.43053704500198364, "val/loss_cyc": 0.032983057821790375, "val/fwd_pct_correct": 0.6491666436195374, "val/bwd_pct_correct": 0.5350000262260437, "_timestamp": 1721465120.8972652, "_runtime": 1111.0668711662292, "_step": 84, "_wandb": {"runtime": 1112}}