{"train/loss": 394693.9758928571, "train/lr": 0.0004062620016148423, "train/num_steps": 5040, "train/cosine_sim_text": 0.5321854540279933, "train/loss_nce_text": 28071.030859375, "train/loss_mse_text": 0.7934988141059875, "train/loss_mae_text": 0.6561862434659685, "train/loss_rec": 0.6060193112918308, "train/loss_cyc": 0.28717256188392637, "val/loss": 385345.1041666667, "val/num_steps": 864, "val/cosine_sim_text": 0.531113843123118, "val/loss_nce_text": 27208.78515625, "val/loss_mse_text": 0.7947905361652374, "val/loss_mae_text": 0.6569044291973114, "val/loss_rec": 0.2622539500395457, "val/loss_cyc": 0.0977700762450695, "_timestamp": 1723970562.4909956, "_runtime": 5225.271875619888, "_step": 143, "_wandb": {"runtime": 5230}}