{"train/loss": 2.5313175500825396, "train/lr": 0.000261089080197439, "train/num_steps": 3182, "train/cosine_sim_image": 0.5997898467751437, "train/loss_nce_image": 0.0, "train/loss_mse_image": 2.0844280338361536e-05, "train/loss_mae_image": 0.0, "train/loss_cos_image": 0.0, "train/loss_rec": 0.4443074617274972, "train/loss_cyc": 0.0025820888871283727, "train/fwd_pct_correct": 0.8797264695167542, "train/bwd_pct_correct": 0.24252228438854218, "val/loss": 2.650187095006307, "val/num_steps": 444, "val/cosine_sim_image": 0.5711567401885986, "val/loss_nce_image": 0.0, "val/loss_mse_image": 2.2335587649043493e-05, "val/loss_mae_image": 0.0, "val/loss_cos_image": 0.0, "val/loss_rec": 0.415787806113561, "val/loss_cyc": 0.0008406299748457968, "val/fwd_pct_correct": 0.559166669845581, "val/bwd_pct_correct": 0.2316666692495346, "_timestamp": 1721722678.034122, "_runtime": 1278.5628690719604, "_step": 73, "_wandb": {"runtime": 1302}}