{"train/loss": 12.916526772255121, "train/lr": 0.00045373670003655877, "train/num_steps": 3526, "train/cosine_sim_image_fc": 0.7527868179387824, "train/cosine_sim_image_2": 0.6108011166716731, "train/cosine_sim_image_3": 0.6071354989395585, "train/cosine_sim_image_4": 0.5884156781573628, "train/cosine_sim_image_5": 0.581762681866801, "train/cosine_sim_image_6": 0.5928582542164381, "train/loss_mse_image_fc": 1.931353116835749e-05, "train/loss_mse_image_2": 2.027077622441602e-05, "train/loss_mse_image_3": 2.0461693714233385e-05, "train/loss_mse_image_4": 2.1436684344439e-05, "train/loss_mse_image_5": 2.1783194740216226e-05, "train/loss_mse_image_6": 2.1205300304985897e-05, "train/loss_mae_image_fc": 0.0033172853724207987, "train/loss_mae_image_2": 0.0032219937352766822, "train/loss_mae_image_3": 0.003263507509430827, "train/loss_mae_image_4": 0.003365255150467504, "train/loss_mae_image_5": 0.0034331568424741544, "train/loss_mae_image_6": 0.003410364926229556, "train/loss_clip_image_fc": 0.0, "train/loss_clip_image_2": 0.0, "train/loss_clip_image_3": 0.0, "train/loss_clip_image_4": 0.0, "train/loss_clip_image_5": 0.0, "train/loss_clip_image_6": 0.0, "train/loss_rec": 0.402683807320373, "train/loss_cyc": 0.016857845123943893, "val/val_loss": 14.169576644897461, "val/val_num_steps": 246, "val/val_cosine_sim_image_fc": 0.7334752182165781, "val/val_cosine_sim_image_2": 0.5733133653799692, "val/val_cosine_sim_image_3": 0.5688551366329193, "val/val_cosine_sim_image_4": 0.5428586800893148, "val/val_cosine_sim_image_5": 0.5326385895411173, "val/val_cosine_sim_image_6": 0.5452796518802643, "val/val_loss_mse_image_fc": 2.082224909827346e-05, "val/val_loss_mse_image_2": 2.2223261718560632e-05, "val/val_loss_mse_image_3": 2.2455463295045774e-05, "val/val_loss_mse_image_4": 2.3809445034809567e-05, "val/val_loss_mse_image_5": 2.43417407546076e-05, "val/val_loss_mse_image_6": 2.3683351779861066e-05, "val/val_loss_mae_image_fc": 0.0034449580513561764, "val/val_loss_mae_image_2": 0.003340106923133135, "val/val_loss_mae_image_3": 0.0033881481116016707, "val/val_loss_mae_image_4": 0.0035182165059571466, "val/val_loss_mae_image_5": 0.003603793797083199, "val/val_loss_mae_image_6": 0.003583862562663853, "val/val_loss_clip_image_fc": 0.0, "val/val_loss_clip_image_2": 0.0, "val/val_loss_clip_image_3": 0.0, "val/val_loss_clip_image_4": 0.0, "val/val_loss_clip_image_5": 0.0, "val/val_loss_clip_image_6": 0.0, "val/val_loss_rec": 0.378323237101237, "val/val_loss_cyc": 0.005819106629739205, "_timestamp": 1721812865.2520936, "_runtime": 1326.8439464569092, "_step": 40, "_wandb": {"runtime": 1390}}