{"train/loss": 14.392969022478376, "train/lr": 0.0009060840595080895, "train/num_steps": 2835, "train/cosine_sim_image": 0.6507894941738673, "train/loss_mse_image": 0.45161045619419643, "train/loss_mae_image": 0.5137650881494794, "train/loss_nce_image": 0.018525252118706703, "train/loss_rec": 0.18899018338748386, "train/loss_cyc": 0.01559340243360826, "val/val_loss": 19.650431632995605, "val/val_num_steps": 486, "val/val_cosine_sim_image": 0.5162365734577179, "val/val_loss_mse_image": 0.5768830974896749, "val/val_loss_mae_image": 0.5811007618904114, "val/val_loss_nce_image": 2.1189909180005393, "val/val_loss_rec": 0.17836102843284607, "val/val_loss_cyc": 0.0044102858907232685, "_timestamp": 1724642483.3798423, "_runtime": 5726.060624361038, "_step": 80, "_wandb": {"runtime": 5736}}