{"train/loss": 38.11616062295848, "train/lr": 0.00024982645466988717, "train/num_steps": 406, "train/cosine_sim_text": 0.27540945338791817, "train/loss_nce_text": 5.025349436135127, "train/loss_mse_text": 2.450590432874441e-05, "train/loss_mae_text": 0.0024911918043126835, "train/loss_rec": 0.5712177321828645, "train/loss_cyc": 0.13173589752665882, "val/loss": 33.95475641886393, "val/num_steps": 42, "val/cosine_sim_text": 0.2849152783552806, "val/loss_nce_text": 3.4677862326304116, "val/loss_mse_text": 2.418441181362141e-05, "val/loss_mae_text": 0.00243219081312418, "val/loss_rec": 0.24421833455562592, "val/loss_cyc": 0.034617564951380096, "_timestamp": 1721132998.8672092, "_runtime": 385.74604511260986, "_step": 6, "_wandb": {"runtime": 399}}