{"train/loss": 144.63763537906138, "train/lr": 0.0003, "train/num_steps": 554, "train/cosine_sim_embedding": 0.6425816504963899, "train/ms_ssim_image": 0.18303275538695848, "train/loss_mae_image": 0.3702247151398917, "train/loss_cyc": 0.03438711562109876, "train/loss_ms_ssim_image": 0.8169773804151624, "train/loss_mse_embedding": 0.6664739395306859, "val/loss": 135.05, "val/num_steps": 30, "val/cosine_sim_embedding": 0.6584635416666667, "val/ms_ssim_image": 0.1881591796875, "val/loss_mae_image": 0.36793619791666665, "val/loss_cyc": 0.0015970248884210985, "val/loss_ms_ssim_image": 0.81181640625, "val/loss_mse_embedding": 0.6097981770833333, "_timestamp": 1721288121.0105474, "_runtime": 630.9676344394684, "_step": 1, "_wandb": {"runtime": 865}}