{"train/loss": 10.58004046848842, "train/lr": 0.0003804707081492011, "train/num_steps": 5740, "train/cosine_sim_text": 0.8700845207486834, "train/loss_nce_text": 0.06446288530049579, "train/loss_mse_text": 3.2953419187314077e-06, "train/loss_mae_text": 0.0009020184881852141, "train/loss_rec": 0.41926236493246893, "train/loss_cyc": 0.10196723682539803, "val/loss": 73.35775629679362, "val/num_steps": 984, "val/cosine_sim_text": 0.8240421414375305, "val/loss_nce_text": 5.533358335494995, "val/loss_mse_text": 4.4632177681099465e-06, "val/loss_mae_text": 0.001185878141162296, "val/loss_rec": 0.16827946404616037, "val/loss_cyc": 0.017431682907044888, "_timestamp": 1723885937.1909437, "_runtime": 6583.536725759506, "_step": 163}