{"train/loss": 12.567061844405595, "train/lr": 9.997513941650582e-05, "train/num_steps": 2002, "train/cosine_sim_embedding": 0.4961569192526224, "train/ms_ssim_image": 0.22842044430179195, "train/loss_mae_image": 0.3753098707932692, "train/loss_ms_ssim_image": 0.7715833970716783, "train/loss_mse_embedding": 0.5485413024475524, "val/loss": 12.4546875, "val/num_steps": 105, "val/cosine_sim_embedding": 0.49775390625, "val/ms_ssim_image": 0.22813313802083332, "val/loss_mae_image": 0.3707356770833333, "val/loss_ms_ssim_image": 0.771875, "val/loss_mse_embedding": 0.5377604166666666, "_timestamp": 1721270540.5525029, "_runtime": 3138.301460981369, "_step": 6, "_wandb": {"runtime": 3438}}