{"train/loss": 44.45759804304256, "train/lr": 0.00032609979248656476, "train/num_steps": 13932, "train/cosine_sim_image": 0.5035915388617405, "train/loss_mse_image": 0.7435123968956082, "train/loss_mae_image": 0.6745955077714698, "train/loss_nce_image": 10742.621272597202, "train/loss_rec": 0.4218197471873705, "train/loss_cyc": 0.0067771604490401436, "val/val_loss": 51.121859868367515, "val/val_num_steps": 972, "val/val_cosine_sim_image": 0.454264576236407, "val/val_loss_mse_image": 0.7928080856800079, "val/val_loss_mae_image": 0.6966843704382578, "val/val_loss_nce_image": 411236.0677083333, "val/val_loss_rec": 0.39988988141218823, "val/val_loss_cyc": 0.0023619963127809265, "_timestamp": 1724551696.8380954, "_runtime": 37914.839354515076, "_step": 161}