{"train/loss": 7.865758779437043, "train/lr": 0.00047241692638143914, "train/num_steps": 8084, "train/cosine_sim_image": 0.6938690134259158, "train/loss_nce_image": 0.0, "train/loss_mse_image": 1.594432335899233e-05, "train/loss_mae_image": 0.0028201360472066457, "train/loss_cos_image": 0.3061309865740843, "train/loss_rec": 0.3826606640982073, "train/loss_cyc": 0.0072198469939013556, "train/fwd_pct_correct": 0.9999127984046936, "train/bwd_pct_correct": 0.9936047196388245, "val/loss": 9.480236371358236, "val/num_steps": 564, "val/cosine_sim_image": 0.6048232316970825, "val/loss_nce_image": 0.0, "val/loss_mse_image": 2.058212430711137e-05, "val/loss_mae_image": 0.0031162374652922153, "val/loss_cos_image": 0.3951767683029175, "val/loss_rec": 0.3519805123408635, "val/loss_cyc": 0.0020379890920594335, "val/fwd_pct_correct": 0.7108332514762878, "val/bwd_pct_correct": 0.565833330154419, "_timestamp": 1721645406.5098066, "_runtime": 1534.7669625282288, "_step": 93, "_wandb": {"runtime": 1570}}