{"train/loss": 19.064378405726234, "train/lr": 0.0004968660027247604, "train/num_steps": 1032, "train/cosine_sim_image": 0.17074663070745247, "train/fwd_percent_correct": 0.007191560231149197, "train/bwd_percent_correct": 0.007191560231149197, "train/loss_mse_image": 0.96899685194326, "train/loss_mae_image": 0.767588687497516, "train/loss_nce_image": 108142.33730014534, "train/loss_rec": 0.5916850996571917, "train/loss_cyc": 0.02541471926798654, "val/val_loss": 18.573885917663574, "val/val_num_steps": 72, "val/val_cosine_sim_image": 0.19499118874470392, "val/val_fwd_percent_correct": 0.02499999850988388, "val/val_bwd_percent_correct": 0.02499999850988388, "val/val_loss_mse_image": 0.9646846055984497, "val/val_loss_mae_image": 0.7657268246014913, "val/val_loss_nce_image": 69136.76953125, "val/val_loss_rec": 0.5701809823513031, "val/val_loss_cyc": 0.008223093347623944, "_timestamp": 1724307037.1123376, "_runtime": 2511.7096695899963, "_step": 11}