{"train/loss": 2.2108626698338707, "train/lr": 0.0004964111696317533, "train/num_steps": 860, "train/cosine_sim_image": 0.5773143248502598, "train/loss_nce_image": 0.0, "train/loss_mse_image": 2.2014880203134327e-05, "train/loss_mae_image": 0.0, "train/loss_cos_image": 0.0, "train/loss_rec": 0.0, "train/loss_cyc": 0.00937465136480886, "train/fwd_pct_correct": 0.15816861391067505, "train/bwd_pct_correct": 0.03838441148400307, "val/loss": 3.6881128549575806, "val/num_steps": 60, "val/cosine_sim_image": 0.5793229440848032, "val/loss_nce_image": 0.0, "val/loss_mse_image": 2.1910264270748787e-05, "val/loss_mae_image": 0.0, "val/loss_cos_image": 0.0, "val/loss_rec": 1.493763009707133, "val/loss_cyc": 0.00332338564718763, "val/fwd_pct_correct": 0.23416666686534882, "val/bwd_pct_correct": 0.0808333307504654, "_timestamp": 1721732056.5559642, "_runtime": 137.2827341556549, "_step": 9, "_wandb": {"runtime": 141}}