{"train/loss": 23.091486088065214, "train/lr": 0.00025779540458126563, "train/num_steps": 86, "train/cosine_sim_image_fc": 0.4778632990593567, "train/cosine_sim_image_2": 0.356205202062441, "train/cosine_sim_image_3": 0.31128838984701823, "train/cosine_sim_image_4": 0.35534428545479596, "train/cosine_sim_image_5": 0.34869071270263385, "train/cosine_sim_image_6": 0.31332681565912257, "train/loss_mse_image_fc": 4.079192933923603e-05, "train/loss_mse_image_2": 3.353097993165774e-05, "train/loss_mse_image_3": 3.587039700928577e-05, "train/loss_mse_image_4": 3.357581931066856e-05, "train/loss_mse_image_5": 3.3922359317901196e-05, "train/loss_mse_image_6": 3.576422942958659e-05, "train/loss_mae_image_fc": 0.004704746230895263, "train/loss_mae_image_2": 0.00424510445770656, "train/loss_mae_image_3": 0.004367186482129402, "train/loss_mae_image_4": 0.004244802186677102, "train/loss_mae_image_5": 0.00428701114169387, "train/loss_mae_image_6": 0.004436760593942085, "train/loss_rec": 0.9598876120046128, "train/loss_cyc": 0.523170962583187, "val/val_loss": NaN, "val/val_num_steps": 0, "val/val_cosine_sim_image_fc": 0.7021807531515757, "val/val_cosine_sim_image_2": 0.5358101824919382, "val/val_cosine_sim_image_3": 0.426032875974973, "val/val_cosine_sim_image_4": 0.5091904600461324, "val/val_cosine_sim_image_5": 0.49233206113179523, "val/val_cosine_sim_image_6": 0.4516469786564509, "val/val_loss_mse_image_fc": 2.3267127289727796e-05, "val/val_loss_mse_image_2": 2.417655286990339e-05, "val/val_loss_mse_image_3": 2.989412071959426e-05, "val/val_loss_mse_image_4": 2.5562998719882064e-05, "val/val_loss_mse_image_5": 2.644103976005378e-05, "val/val_loss_mse_image_6": 2.856005479164499e-05, "val/val_loss_mae_image_fc": 0.0036252012941986322, "val/val_loss_mae_image_2": 0.003464678884483874, "val/val_loss_mae_image_3": 0.003705117851495743, "val/val_loss_mae_image_4": 0.0035276180133223534, "val/val_loss_mae_image_5": 0.0036145972553640604, "val/val_loss_mae_image_6": 0.003777319138559202, "val/val_loss_rec": 0.7227440277735392, "val/val_loss_cyc": 0.02357972941050927, "_timestamp": 1721789432.0373251, "_runtime": 28.37081003189087, "_step": 0, "_wandb": {"runtime": 37}}