{"train/loss": 3.9309904507228306, "train/lr": 2.0000000000000002e-07, "train/num_steps": 17500, "train/cosine_sim_text": 0.9351058227675302, "train/loss_nce_text": 1306.8276347569056, "train/loss_mse_text": 0.13613447036061968, "train/loss_mae_text": 0.21689742548125132, "train/loss_rec": 0.36541471907070705, "train/loss_cyc": 0.022188465137566837, "val/loss": 9.132675647735596, "val/num_steps": 3000, "val/cosine_sim_text": 0.8741788466771444, "val/loss_nce_text": 315189.4479166667, "val/loss_mse_text": 0.26091688374678296, "val/loss_mae_text": 0.323062539100647, "val/loss_rec": 0.13731481631596884, "val/loss_cyc": 0.003672159742563963, "_timestamp": 1724016817.4576375, "_runtime": 31150.83503961563, "_step": 499, "_wandb": {"runtime": 31154}}