{"train/loss": 4379.71110215298, "train/lr": 0.0004999950274875398, "train/num_steps": 129, "train/cosine_sim_image": 0.10378472143134405, "train/loss_nce_image": 4.3086948062098305, "train/loss_mse_image": 4.667787965614522e-05, "train/loss_mae_image": 0.005136576340382182, "train/loss_cos_image": 0.896215278048848, "train/loss_rec": 0.698043588982072, "train/loss_cyc": 1.0138357697531235, "train/fwd_pct_correct": 0.28783437609672546, "train/bwd_pct_correct": 0.21270620822906494, "val/loss": 2046.9943237304688, "val/num_steps": 18, "val/cosine_sim_image": 0.10804396867752075, "val/loss_nce_image": 1.9788459539413452, "val/loss_mse_image": 4.6456045311060734e-05, "val/loss_mae_image": 0.005154164119934042, "val/loss_cos_image": 0.8919560313224792, "val/loss_rec": 0.6649209956328074, "val/loss_cyc": 0.3978573630253474, "val/fwd_pct_correct": 0.5349999666213989, "val/bwd_pct_correct": 0.4566666781902313, "_timestamp": 1721461144.873327, "_runtime": 41.7831609249115, "_step": 2, "_wandb": {"runtime": 49}}