{"train/loss": 105.15613718411552, "train/lr": 0.0002998090954122101, "train/num_steps": 2770, "train/cosine_sim_embedding": 0.7637053672157039, "train/ms_ssim_image": 0.26952508038131767, "train/loss_mae_image": 0.24015549201827618, "train/loss_cyc": 1.3351292571436197, "train/loss_ms_ssim_image": 0.7304722754963899, "train/loss_mse_embedding": 0.39952952250676893, "val/loss": 106.49166666666666, "val/num_steps": 150, "val/cosine_sim_embedding": 0.7595377604166667, "val/ms_ssim_image": 0.2677815755208333, "val/loss_mae_image": 0.24388020833333332, "val/loss_cyc": 0.5836229046185811, "val/loss_ms_ssim_image": 0.7322591145833334, "val/loss_mse_embedding": 0.4107584635416667, "_timestamp": 1721287399.8110402, "_runtime": 3144.1405041217804, "_step": 9, "_wandb": {"runtime": 3151}}