{"train/loss": 1884.5288783482142, "train/lr": 0.00038204275416882036, "train/num_steps": 2310, "train/cosine_sim_image_2": 0.6287378856113979, "train/cosine_sim_image_3": 0.624647229058402, "train/cosine_sim_image_4": 0.6080085618155343, "train/cosine_sim_image_8": 0.5773948124476842, "train/cosine_sim_image_11": 0.7921769772257123, "train/loss_mse_image_2": 1.9336571390990034e-05, "train/loss_mse_image_3": 1.954962577396405e-05, "train/loss_mse_image_4": 2.0416223196662032e-05, "train/loss_mse_image_8": 0.003508319067103522, "train/loss_mse_image_11": 1.0824120545294136e-05, "train/loss_mae_image_2": 0.003166699256481869, "train/loss_mae_image_3": 0.00320855005910354, "train/loss_mae_image_4": 0.003303881182468363, "train/loss_mae_image_8": 0.003508319067103522, "train/loss_mae_image_11": 0.0024748035240918396, "train/loss_nce_image_2": 5.260992765426636, "train/loss_nce_image_3": 5.188780832290649, "train/loss_nce_image_4": 4.817571708134243, "train/loss_nce_image_8": 4.237663112367902, "train/loss_nce_image_11": 5.983901187351772, "train/loss_rec": 0.48259905661855423, "train/loss_cyc": 0.1504702138049262, "val/val_loss": 2188.5530598958335, "val/val_num_steps": 396, "val/val_cosine_sim_image_2": 0.5696184039115906, "val/val_cosine_sim_image_3": 0.5653083721796671, "val/val_cosine_sim_image_4": 0.5393884976704916, "val/val_cosine_sim_image_8": 0.4944182535012563, "val/val_cosine_sim_image_11": 0.7671854098637899, "val/val_loss_mse_image_2": 2.241570958479618e-05, "val/val_loss_mse_image_3": 2.2640189854428172e-05, "val/val_loss_mse_image_4": 2.3990183156759787e-05, "val/val_loss_mse_image_8": 2.633238364069257e-05, "val/val_loss_mse_image_11": 1.2125760804337915e-05, "val/val_loss_mae_image_2": 0.003348814983231326, "val/val_loss_mae_image_3": 0.0033979168316970267, "val/val_loss_mae_image_4": 0.00353158296396335, "val/val_loss_mae_image_8": 0.0038126024107138314, "val/val_loss_mae_image_11": 0.0026103510754182935, "val/val_loss_nce_image_2": 4.429412285486857, "val/val_loss_nce_image_3": 4.352539300918579, "val/val_loss_nce_image_4": 4.079549471537272, "val/val_loss_nce_image_8": 3.664798100789388, "val/val_loss_nce_image_11": 4.759025414784749, "val/val_loss_rec": 0.4349168837070465, "val/val_loss_cyc": 0.047029069935282074, "_timestamp": 1725338420.3951352, "_runtime": 1320.7014422416687, "_step": 65, "_wandb": {"runtime": 1328}}